time,price
1415577600,374.32
1415664000,365.09
1415750400,419.06
1415836800,383.55
1415923200,397.5
1416009600,374.87
1416096000,384.72
1416182400,380.6
1416268800,378.34
1416355200,377.55
1416441600,361.2
1416528000,357.02
1416614400,358.22
1416700800,363.56
1416787200,382.01
1416873600,379.48
1416960000,367.92
1417046400,371.25
1417132800,375.26
1417219200,377.16
1417305600,376.43
1417392000,377.0
1417478400,380.0
1417564800,379.38
1417651200,372.02
1417737600,373.97
1417824000,374.36
1417910400,376.02
1417996800,366.99
1418083200,352.53
1418169600,349.99
1418256000,357.0
1418342400,356.51
1418428800,348.63
1418515200,353.87
1418601600,351.86
1418688000,335.47
1418774400,317.36
1418860800,317.11
1418947200,315.71
1419033600,325.34
1419120000,327.92
1419206400,332.18
1419292800,336.3
1419379200,325.7
1419465600,318.38
1419552000,329.24
1419638400,314.0
1419724800,317.66
1419811200,312.7
1419897600,314.0
1419984000,316.67
1420070400,315.38
1420156800,315.95
1420243200,300.0
1420329600,267.46
1420416000,276.8
1420502400,276.8
1420588800,276.8
1420675200,276.8
1420761600,276.8
1420848000,278.86
1420934400,271.0
1421020800,270.97
1421107200,232.55
1421193600,180.79
1421280000,218.83
1421366400,206.6
1421452800,198.56
1421539200,209.34
1421625600,212.28
1421712000,211.78
1421798400,214.53
1421884800,233.87
1421971200,232.9
1422057600,244.77
1422144000,247.91
1422230400,262.98
1422316800,265.59
1422403200,239.01
1422489600,235.45
1422576000,231.6
1422662400,230.59
1422748800,224.0
1422835200,226.1
1422921600,233.57
1423008000,224.83
1423094400,216.25
1423180800,223.01
1423267200,227.95
1423353600,222.49
1423440000,219.8
1423526400,220.11
1423612800,222.78
1423699200,222.54
1423785600,236.99
1423872000,246.57
1423958400,243.97
1424044800,237.38
1424131200,245.13
1424217600,234.97
1424304000,242.03
1424390400,243.97
1424476800,244.07
1424563200,234.15
1424649600,237.45
1424736000,240.18
1424822400,238.89
1424908800,237.65
1424995200,254.54
1425081600,252.0
1425168000,247.87
1425254400,264.96
1425340800,279.0
1425427200,279.38
1425513600,268.44
1425600000,272.12
1425686400,276.46
1425772800,274.75
1425859200,287.63
1425945600,293.0
1426032000,294.5
1426118400,297.22
1426204800,288.15
1426291200,283.43
1426377600,285.87
1426464000,289.0
1426550400,288.26
1426636800,265.58
1426723200,254.93
1426809600,262.97
1426896000,260.0
1426982400,268.25
1427068800,262.18
1427155200,247.41
1427241600,244.1
1427328000,253.0
1427414400,248.56
1427500800,251.19
1427587200,244.2
1427673600,247.85
1427760000,242.92
1427846400,245.0
1427932800,253.64
1428019200,254.07
1428105600,252.5
1428192000,256.98
1428278400,255.0
1428364800,255.52
1428451200,243.89
1428537600,242.39
1428624000,235.0
1428710400,236.21
1428796800,236.31
1428883200,224.97
1428969600,216.97
1429056000,219.83
1429142400,228.52
1429228800,223.94
1429315200,222.93
1429401600,223.26
1429488000,224.27
1429574400,226.33
1429660800,237.19
1429747200,234.9
1429833600,231.55
1429920000,228.12
1430006400,218.01
1430092800,221.54
1430179200,225.12
1430265600,226.07
1430352000,236.76
1430438400,234.17
1430524800,234.75
1430611200,240.74
1430697600,237.01
1430784000,233.68
1430870400,234.41
1430956800,236.82
1431043200,245.0
1431129600,241.37
1431216000,239.96
1431302400,242.36
1431388800,241.94
1431475200,243.44
1431561600,237.5
1431648000,237.4
1431734400,235.57
1431820800,236.55
1431907200,235.96
1431993600,233.05
1432080000,233.77
1432166400,235.36
1432252800,239.8
1432339200,238.55
1432425600,240.79
1432512000,235.56
1432598400,236.19
1432684800,235.42
1432771200,236.07
1432857600,236.0
1432944000,231.06
1433030400,231.52
1433116800,222.64
1433203200,225.42
1433289600,226.89
1433376000,224.9
1433462400,224.82
1433548800,224.79
1433635200,222.5
1433721600,229.2
1433808000,229.02
1433894400,228.31
1433980800,228.49
1434067200,229.66
1434153600,230.48
1434240000,232.1
1434326400,236.89
1434412800,246.1
1434499200,251.0
1434585600,247.91
1434672000,245.0
1434758400,244.62
1434844800,242.0
1434931200,245.95
1435017600,244.67
1435104000,241.43
1435190400,241.57
1435276800,241.25
1435363200,247.7
1435449600,247.34
1435536000,254.36
1435622400,261.78
1435708800,258.55
1435795200,254.97
1435881600,255.37
1435968000,257.16
1436054400,269.95
1436140800,275.0
1436227200,266.52
1436313600,269.51
1436400000,268.5
1436486400,293.12
1436572800,294.0
1436659200,308.93
1436745600,288.04
1436832000,290.1
1436918400,291.3
1437004800,276.8
1437091200,279.5
1437177600,277.07
1437264000,275.83
1437350400,278.64
1437436800,279.8
1437523200,276.12
1437609600,277.18
1437696000,288.77
1437782400,288.49
1437868800,291.28
1437955200,295.16
1438041600,293.99
1438128000,291.15
1438214400,287.4
1438300800,286.11
1438387200,281.28
1438473600,281.99
1438560000,283.76
1438646400,284.76
1438732800,282.16
1438819200,277.83
1438905600,279.89
1438992000,269.87
1439078400,262.85
1439164800,264.06
1439251200,265.9
1439337600,269.03
1439424000,265.44
1439510400,266.5
1439596800,263.34
1439683200,256.0
1439769600,258.13
1439856000,252.39
1439942400,232.17
1440028800,235.83
1440115200,233.81
1440201600,226.34
1440288000,227.81
1440374400,216.24
1440460800,224.47
1440547200,227.63
1440633600,227.16
1440720000,233.15
1440806400,228.4
1440892800,227.8
1440979200,231.57
1441065600,227.31
1441152000,228.4
1441238400,227.08
1441324800,230.84
1441411200,234.73
1441497600,239.99
1441584000,240.17
1441670400,243.76
1441756800,240.26
1441843200,238.9
1441929600,239.45
1442016000,234.66
1442102400,229.83
1442188800,231.48
1442275200,229.1
1442361600,227.55
1442448000,233.08
1442534400,233.62
1442620800,231.1
1442707200,229.16
1442793600,226.9
1442880000,230.48
1442966400,230.46
1443052800,235.31
1443139200,235.44
1443225600,234.05
1443312000,232.62
1443398400,238.31
1443484800,237.5
1443571200,237.33
1443657600,238.3
1443744000,237.68
1443830400,239.34
1443916800,238.47
1444003200,239.24
1444089600,246.71
1444176000,245.28
1444262400,244.16
1444348800,244.48
1444435200,245.27
1444521600,247.75
1444608000,246.53
1444694400,250.25
1444780800,253.79
1444867200,254.43
1444953600,265.93
1445040000,264.62
1445126400,263.4
1445212800,263.82
1445299200,270.88
1445385600,269.04
1445472000,273.14
1445558400,278.38
1445644800,279.97
1445731200,293.99
1445817600,283.87
1445904000,296.1
1445990400,300.75
1446076800,311.97
1446163200,327.05
1446249600,311.64
1446336000,313.99
1446422400,342.54
1446508800,417.0
1446595200,475.5
1446681600,404.46
1446768000,380.11
1446854400,388.0
1446940800,381.02
1447027200,379.99
1447113600,351.9
1447200000,308.65
1447286400,324.03
1447372800,332.11
1447459200,332.72
1447545600,321.14
1447632000,330.77
1447718400,336.5
1447804800,333.49
1447891200,329.0
1447977600,319.06
1448064000,325.18
1448150400,322.96
1448236800,323.98
1448323200,321.68
1448409600,325.72
1448496000,350.03
1448582400,359.86
1448668800,356.66
1448755200,362.3
1448841600,374.19
1448928000,362.78
1449014400,358.62
1449100800,364.07
1449187200,361.37
1449273600,377.5
1449360000,391.62
1449446400,395.58
1449532800,395.38
1449619200,411.99
1449705600,415.6
1449792000,443.36
1449878400,424.69
1449964800,438.83
1450051200,444.78
1450137600,458.68
1450224000,454.87
1450310400,454.13
1450396800,458.21
1450483200,459.73
1450569600,441.28
1450656000,435.0
1450742400,433.53
1450828800,443.16
1450915200,453.38
1451001600,455.23
1451088000,415.58
1451174400,419.35
1451260800,423.74
1451347200,430.0
1451433600,426.88
1451520000,431.28
1451606400,432.02
1451692800,433.47
1451779200,426.99
1451865600,433.15
1451952000,432.31
1452038400,430.5
1452124800,456.75
1452211200,450.0
1452297600,450.15
1452384000,446.85
1452470400,447.95
1452556800,446.63
1452643200,429.5
1452729600,432.0
1452816000,390.82
1452902400,374.59
1452988800,386.08
1453075200,385.48
1453161600,379.24
1453248000,408.57
1453334400,408.1
1453420800,383.7
1453507200,388.71
1453593600,403.72
1453680000,389.89
1453766400,393.48
1453852800,394.43
1453939200,382.45
1454025600,376.47
1454112000,377.71
1454198400,375.98
1454284800,371.91
1454371200,373.05
1454457600,368.88
1454544000,383.47
1454630400,386.7
1454716800,375.52
1454803200,374.48
1454889600,375.36
1454976000,373.56
1455062400,379.75
1455148800,375.97
1455235200,382.0
1455321600,389.6
1455408000,399.8
1455494400,401.91
1455580800,406.34
1455667200,420.9
1455753600,418.0
1455840000,417.38
1455926400,443.4
1456012800,434.46
1456099200,438.5
1456185600,416.46
1456272000,422.69
1456358400,422.18
1456444800,424.45
1456531200,431.99
1456617600,432.35
1456704000,435.9
1456790400,431.78
1456876800,429.37
1456963200,420.68
1457049600,417.5
1457136000,398.5
1457222400,408.51
1457308800,412.49
1457395200,410.83
1457481600,412.99
1457568000,415.99
1457654400,420.95
1457740800,409.09
1457827200,412.69
1457913600,413.89
1458000000,415.98
1458086400,415.98
1458172800,418.88
1458259200,404.02
1458345600,404.93
1458432000,411.26
1458518400,411.37
1458604800,416.0
1458691200,418.67
1458777600,416.49
1458864000,416.0
1458950400,416.1
1459036800,426.0
1459123200,422.09
1459209600,414.0
1459296000,412.99
1459382400,416.43
1459468800,415.59
1459555200,418.89
1459641600,418.21
1459728000,419.66
1459814400,420.83
1459900800,421.74
1459987200,420.0
1460073600,418.51
1460160000,418.0
1460246400,420.66
1460332800,421.74
1460419200,424.12
1460505600,424.41
1460592000,424.95
1460678400,428.31
1460764800,429.81
1460851200,426.69
1460937600,426.64
1461024000,430.0
1461110400,440.78
1461196800,449.99
1461283200,449.0
1461369600,448.33
1461456000,462.49
1461542400,463.1
1461628800,469.31
1461715200,452.96
1461801600,448.92
1461888000,455.0
1461974400,449.02
1462060800,451.98
1462147200,442.25
1462233600,451.3
1462320000,446.7
1462406400,449.27
1462492800,456.0
1462579200,460.04
1462665600,458.1
1462752000,461.0
1462838400,453.14
1462924800,452.93
1463011200,452.81
1463097600,455.75
1463184000,456.47
1463270400,457.42
1463356800,453.59
1463443200,453.42
1463529600,454.02
1463616000,441.94
1463702400,441.35
1463788800,443.21
1463875200,438.82
1463961600,442.03
1464048000,445.7
1464134400,448.21
1464220800,452.33
1464307200,473.96
1464393600,493.0
1464480000,536.95
1464566400,532.89
1464652800,522.72
1464739200,533.76
1464825600,534.01
1464912000,569.79
1464998400,570.41
1465084800,572.02
1465171200,583.99
1465257600,573.62
1465344000,580.21
1465430400,576.8
1465516800,577.9
1465603200,583.7
1465689600,646.89
1465776000,687.31
1465862400,683.04
1465948800,693.85
1466035200,767.78
1466121600,756.0
1466208000,769.07
1466294400,760.0
1466380800,732.73
1466467200,649.98
1466553600,622.4
1466640000,605.74
1466726400,658.44
1466812800,652.74
1466899200,624.95
1466985600,643.54
1467072000,646.17
1467158400,632.91
1467244800,664.01
1467331200,676.0
1467417600,695.02
1467504000,664.78
1467590400,673.55
1467676800,670.79
1467763200,675.64
1467849600,619.08
1467936000,653.97
1468022400,641.96
1468108800,647.48
1468195200,648.64
1468281600,667.55
1468368000,656.11
1468454400,661.82
1468540800,663.48
1468627200,663.65
1468713600,679.95
1468800000,671.01
1468886400,669.1
1468972800,666.22
1469059200,664.5
1469145600,655.98
1469232000,654.8
1469318400,661.31
1469404800,655.12
1469491200,653.39
1469577600,656.38
1469664000,655.11
1469750400,657.19
1469836800,653.23
1469923200,631.09
1470009600,613.21
1470096000,564.95
1470182400,566.92
1470268800,561.99
1470355200,574.4
1470441600,582.96
1470528000,587.94
1470614400,589.77
1470700800,583.25
1470787200,595.44
1470873600,589.58
1470960000,584.8
1471046400,584.86
1471132800,564.97
1471219200,565.66
1471305600,578.63
1471392000,570.48
1471478400,571.67
1471564800,573.86
1471651200,578.0
1471737600,577.11
1471824000,582.99
1471910400,580.04
1471996800,579.51
1472083200,575.03
1472169600,578.06
1472256000,568.87
1472342400,570.06
1472428800,574.09
1472515200,575.07
1472601600,571.78
1472688000,570.36
1472774400,572.0
1472860800,588.8
1472947200,601.87
1473033600,602.99
1473120000,608.91
1473206400,613.95
1473292800,624.25
1473379200,620.84
1473465600,623.12
1473552000,600.61
1473638400,606.24
1473724800,607.89
1473811200,609.58
1473897600,605.53
1473984000,607.39
1474070400,604.48
1474156800,607.83
1474243200,607.36
1474329600,606.81
1474416000,594.48
1474502400,594.53
1474588800,600.19
1474675200,600.24
1474761600,598.37
1474848000,604.07
1474934400,605.73
1475020800,603.96
1475107200,604.2
1475193600,604.84
1475280000,612.74
1475366400,608.9
1475452800,611.16
1475539200,607.73
1475625600,609.98
1475712000,610.39
1475798400,613.23
1475884800,614.72
1475971200,613.06
1476057600,614.5
1476144000,638.0
1476230400,636.51
1476316800,635.67
1476403200,638.67
1476489600,638.15
1476576000,639.0
1476662400,636.93
1476748800,635.12
1476835200,627.28
1476921600,627.22
1477008000,630.16
1477094400,652.87
1477180800,649.0
1477267200,648.85
1477353600,653.76
1477440000,672.06
1477526400,682.46
1477612800,683.63
1477699200,712.17
1477785600,699.63
1477872000,704.89
1477958400,726.39
1478044800,725.85
1478131200,702.98
1478217600,694.99
1478304000,702.36
1478390400,704.97
1478476800,706.97
1478563200,707.47
1478649600,723.94
1478736000,714.17
1478822400,716.28
1478908800,702.9
1478995200,698.6
1479081600,698.45
1479168000,716.38
1479254400,736.55
1479340800,741.76
1479427200,744.16
1479513600,748.92
1479600000,716.05
1479686400,735.46
1479772800,747.94
1479859200,735.6
1479945600,732.15
1480032000,734.5
1480118400,729.05
1480204800,728.15
1480291200,731.14
1480377600,732.45
1480464000,741.55
1480550400,752.97
1480636800,767.53
1480723200,764.95
1480809600,757.99
1480896000,749.8
1480982400,753.3
1481068800,768.22
1481155200,768.22
1481241600,769.42
1481328000,772.43
1481414400,769.49
1481500800,777.71
1481587200,779.53
1481673600,773.57
1481760000,776.7
1481846400,779.93
1481932800,788.21
1482019200,785.76
1482105600,790.11
1482192000,791.84
1482278400,820.8
1482364800,861.98
1482451200,895.17
1482537600,895.42
1482624000,880.19
1482710400,900.0
1482796800,935.9
1482883200,959.99
1482969600,958.82
1483056000,954.86
1483142400,963.16
1483228800,996.22
1483315200,1012.99
1483401600,1020.34
1483488000,1134.81
1483574400,979.52
1483660800,890.78
1483747200,892.01
1483833600,903.33
1483920000,888.63
1484006400,903.08
1484092800,773.45
1484179200,806.97
1484265600,825.39
1484352000,831.86
1484438400,814.06
1484524800,829.19
1484611200,904.0
1484697600,868.0
1484784000,904.26
1484870400,895.07
1484956800,920.33
1485043200,913.36
1485129600,920.26
1485216000,909.07
1485302400,894.64
1485388800,910.03
1485475200,919.0
1485561600,916.32
1485648000,912.54
1485734400,919.35
1485820800,955.79
1485907200,975.84
1485993600,1000.96
1486080000,1012.99
1486166400,1035.56
1486252800,1007.44
1486339200,1020.0
1486425600,1048.28
1486512000,1058.57
1486598400,976.03
1486684800,986.59
1486771200,1013.74
1486857600,999.01
1486944000,1000.18
1487030400,1008.19
1487116800,1009.34
1487203200,1039.84
1487289600,1055.12
1487376000,1060.44
1487462400,1045.2
1487548800,1060.12
1487635200,1114.39
1487721600,1134.15
1487808000,1161.0
1487894400,1189.01
1487980800,1152.98
1488067200,1174.8
1488153600,1193.04
1488240000,1195.39
1488326400,1221.7
1488412800,1263.53
1488499200,1270.46
1488585600,1257.18
1488672000,1268.84
1488758400,1276.91
1488844800,1250.87
1488931200,1186.13
1489017600,1199.76
1489104000,1247.93
1489190400,1172.96
1489276800,1230.4
1489363200,1240.42
1489449600,1249.88
1489536000,1249.81
1489622400,1187.2
1489708800,1123.46
1489795200,979.9
1489881600,1053.0
1489968000,1034.94
1490054400,1110.57
1490140800,1012.07
1490227200,1039.24
1490313600,975.85
1490400000,942.01
1490486400,977.88
1490572800,1013.01
1490659200,1025.59
1490745600,1035.89
1490832000,1028.02
1490918400,1069.99
1491004800,1072.73
1491091200,1095.01
1491177600,1146.21
1491264000,1140.0
1491350400,1131.2
1491436800,1184.78
1491523200,1195.01
1491609600,1178.89
1491696000,1211.96
1491782400,1207.57
1491868800,1217.54
1491955200,1217.1
1492041600,1169.99
1492128000,1167.35
1492214400,1181.61
1492300800,1172.0
1492387200,1185.65
1492473600,1202.04
1492560000,1205.5
1492646400,1227.33
1492732800,1238.85
1492819200,1240.78
1492905600,1239.5
1492992000,1252.31
1493078400,1276.23
1493164800,1300.82
1493251200,1327.28
1493337600,1314.05
1493424000,1336.03
1493510400,1334.83
1493596800,1407.9
1493683200,1433.07
1493769600,1491.54
1493856000,1539.64
1493942400,1517.84
1494028800,1558.04
1494115200,1530.57
1494201600,1604.39
1494288000,1744.35
1494374400,1771.12
1494460800,1836.09
1494547200,1680.0
1494633600,1720.91
1494720000,1757.0
1494806400,1691.9
1494892800,1730.67
1494979200,1795.0
1495065600,1858.91
1495152000,1925.0
1495238400,1974.98
1495324800,2008.69
1495411200,2138.01
1495497600,2239.99
1495584000,2470.0
1495670400,2369.87
1495756800,2287.92
1495843200,2133.0
1495929600,2155.44
1496016000,2317.65
1496102400,2251.0
1496188800,2304.63
1496275200,2390.0
1496361600,2418.78
1496448000,2571.87
1496534400,2484.64
1496620800,2634.99
1496707200,2860.57
1496793600,2778.01
1496880000,2758.0
1496966400,2844.0
1497052800,2879.0
1497139200,2940.48
1497225600,2550.01
1497312000,2709.77
1497398400,2540.73
1497484800,2326.49
1497571200,2518.53
1497657600,2651.91
1497744000,2494.28
1497830400,2557.52
1497916800,2768.0
1498003200,2681.7
1498089600,2716.6
1498176000,2725.0
1498262400,2528.21
1498348800,2496.64
1498435200,2345.05
1498521600,2412.99
1498608000,2559.33
1498694400,2573.99
1498780800,2519.89
1498867200,2439.99
1498953600,2489.98
1499040000,2553.98
1499126400,2564.55
1499212800,2618.15
1499299200,2603.78
1499385600,2528.95
1499472000,2545.49
1499558400,2538.6
1499644800,2407.0
1499731200,2315.65
1499817600,2385.22
1499904000,2347.23
1499990400,2199.9
1500076800,2078.0
1500163200,1866.02
1500249600,2123.24
1500336000,2359.95
1500422400,2234.99
1500508800,2648.87
1500595200,2629.0
1500681600,2810.86
1500768000,2761.85
1500854400,2772.73
1500940800,2489.99
1501027200,2471.42
1501113600,2565.11
1501200000,2751.9
1501286400,2736.58
1501372800,2718.07
1501459200,2837.44
1501545600,2775.38
1501632000,2707.87
1501718400,2789.99
1501804800,2826.57
1501891200,3256.0
1501977600,3261.49
1502064000,3356.0
1502150400,3431.98
1502236800,3331.01
1502323200,3410.0
1502409600,3539.0
1502496000,3872.0
1502582400,3961.43
1502668800,4212.99
1502755200,4044.57
1502841600,4299.0
1502928000,4306.4
1503014400,4119.67
1503100800,4054.4
1503187200,4088.4
1503273600,4014.21
1503360000,4089.61
1503446400,4100.0
1503532800,4227.62
1503619200,4324.84
1503705600,4323.69
1503792000,4354.9
1503878400,4341.84
1503964800,4584.86
1504051200,4550.0
1504137600,4719.85
1504224000,4870.0
1504310400,4605.89
1504396800,4550.0
1504483200,4250.97
1504569600,4412.81
1504656000,4608.52
1504742400,4602.71
1504828800,4197.2
1504915200,4276.3
1505001600,4293.55
1505088000,4197.67
1505174400,4164.85
1505260800,3850.0
1505347200,3359.0
1505433600,3682.02
1505520000,3692.97
1505606400,3704.76
1505692800,4016.21
1505779200,3897.97
1505865600,3948.46
1505952000,3631.81
1506038400,3595.93
1506124800,3770.0
1506211200,3694.97
1506297600,3926.0
1506384000,3908.26
1506470400,4183.39
1506556800,4152.0
1506643200,4162.95
1506729600,4318.07
1506816000,4289.17
1506902400,4407.0
1506988800,4272.02
1507075200,4206.26
1507161600,4355.35
1507248000,4338.01
1507334400,4338.92
1507420800,4583.97
1507507200,4780.0
1507593600,4861.47
1507680000,4831.09
1507766400,5289.74
1507852800,5502.0
1507939200,5694.2
1508025600,5492.8
1508112000,5720.28
1508198400,5628.32
1508284800,5390.69
1508371200,5627.36
1508457600,6045.0
1508544000,6027.05
1508630400,5872.0
1508716800,5930.87
1508803200,5685.0
1508889600,5655.0
1508976000,5892.8
1509062400,5741.45
1509148800,5781.82
1509235200,6145.39
1509321600,6079.9
1509408000,6343.37
1509494400,6595.94
1509580800,6974.49
1509667200,7294.0
1509753600,7458.0
1509840000,7528.0
1509926400,7001.17
1510012800,7108.89
1510099200,7342.0
1510185600,7208.6
1510272000,6490.6
1510358400,6253.03
1510444800,6176.06
1510531200,6390.01
1510617600,6530.0
1510704000,7142.5
1510790400,7820.0
1510876800,7835.0
1510963200,7756.0
1511049600,7970.0
1511136000,8190.79
1511222400,8249.0
1511308800,8145.11
1511395200,8129.0
1511481600,8243.26
1511568000,8610.11
1511654400,9350.45
1511740800,9499.96
1511827200,9949.37
1511913600,10310.68
1512000000,9639.17
1512086400,10482.2
1512172800,10900.01
1512259200,11725.0
1512345600,11189.39
1512432000,11690.0
1512518400,12828.06
1512604800,15715.2
1512691200,15029.98
1512777600,14074.4
1512864000,14930.55
1512950400,16438.0
1513036800,17254.45
1513123200,15999.5
1513209600,16351.39
1513296000,17749.0
1513382400,18727.47
1513468800,18681.19
1513555200,18547.81
1513641600,18179.96
1513728000,16870.93
1513814400,15289.97
1513900800,13435.0
1513987200,14965.04
1514073600,12970.0
1514160000,14056.13
1514246400,15698.48
1514332800,15029.99
1514419200,13553.32
1514505600,14498.0
1514592000,12847.32
1514678400,13808.19
1514764800,13189.36
1514851200,14596.11
1514937600,14834.3
1515024000,14780.4
1515110400,16367.42
1515196800,16772.83
1515283200,16093.08
1515369600,14908.69
1515456000,14747.78
1515542400,14525.4
1515628800,13702.83
1515715200,13520.0
1515801600,14254.98
1515888000,13563.11
1515974400,13942.18
1516060800,11554.53
1516147200,9780.36
1516233600,11788.35
1516320000,11270.01
1516406400,12968.01
1516492800,11514.92
1516579200,10488.78
1516665600,11234.98
1516752000,11047.74
1516838400,11246.98
1516924800,11047.11
1517011200,11444.99
1517097600,11599.99
1517184000,11231.48
1517270400,9950.45
1517356800,9974.52
1517443200,8970.0
1517529600,8580.0
1517616000,9386.72
1517702400,8301.65
1517788800,6877.61
1517875200,7162.31
1517961600,8239.4
1518048000,8218.66
1518134400,8622.27
1518220800,8322.01
1518307200,8325.22
1518393600,8655.98
1518480000,8570.1
1518566400,9291.01
1518652800,10071.02
1518739200,9959.0
1518825600,10796.14
1518912000,10790.0
1518998400,11102.81
1519084800,11671.91
1519171200,10541.33
1519257600,9890.02
1519344000,10209.77
1519430400,9570.0
1519516800,9455.6
1519603200,10267.98
1519689600,10623.6
1519776000,10483.3
1519862400,10934.0
1519948800,10933.67
1520035200,11458.99
1520121600,11350.0
1520208000,11667.43
1520294400,10712.43
1520380800,9689.79
1520467200,9350.0
1520553600,8888.09
1520640000,9122.67
1520726400,9637.78
1520812800,8929.97
1520899200,9049.87
1520985600,8291.19
1521072000,8215.01
1521158400,8550.0
1521244800,7835.0
1521331200,7473.05
1521417600,8395.01
1521504000,8941.74
1521590400,8889.1
1521676800,8616.0
1521763200,8628.82
1521849600,8917.89
1521936000,8615.28
1522022400,7919.99
1522108800,7894.09
1522195200,7905.73
1522281600,7346.96
1522368000,6823.68
1522454400,7058.0
1522540800,6910.39
1522627200,6977.24
1522713600,7470.0
1522800000,6855.71
1522886400,6772.0
1522972800,6619.36
1523059200,6996.97
1523145600,6990.0
1523232000,6674.46
1523318400,6849.66
1523404800,6915.04
1523491200,7678.0
1523577600,8099.79
1523664000,8021.6
1523750400,8297.28
1523836800,7996.29
1523923200,7872.33
1524009600,8116.75
1524096000,8245.0
1524182400,8511.04
1524268800,8795.61
1524355200,8870.73
1524441600,8849.98
1524528000,9462.51
1524614400,8969.5
1524700800,8872.9
1524787200,9091.58
1524873600,9398.51
1524960000,9314.99
1525046400,9326.6
1525132800,8959.51
1525219200,9111.01
1525305600,9638.26
1525392000,9644.82
1525478400,9838.07
1525564800,9488.37
1525651200,9421.73
1525737600,9239.35
1525824000,9281.74
1525910400,9089.05
1525996800,8613.5
1526083200,8492.13
1526169600,8625.78
1526256000,8756.99
1526342400,8555.6
1526428800,8252.72
1526515200,8176.33
1526601600,8231.42
1526688000,8313.12
1526774400,8517.04
1526860800,8373.01
1526947200,8187.98
1527033600,7590.34
1527120000,7585.48
1527206400,7427.02
1527292800,7519.28
1527379200,7302.99
1527465600,7239.22
1527552000,7470.0
1527638400,7314.06
1527724800,7539.49
1527811200,7436.58
1527897600,7659.65
1527984000,7709.25
1528070400,7499.99
1528156800,7620.0
1528243200,7527.99
1528329600,7692.51
1528416000,7630.7
1528502400,7619.0
1528588800,6839.6
1528675200,6757.23
1528761600,6514.6
1528848000,6292.5
1528934400,6644.89
1529020800,6551.46
1529107200,6490.63
1529193600,6512.35
1529280000,6693.06
1529366400,6742.36
1529452800,6752.69
1529539200,6720.0
1529625600,6194.37
1529712000,6146.81
1529798400,6192.99
1529884800,6257.43
1529971200,6171.1
1530057600,6142.79
1530144000,6088.98
1530230400,5876.69
1530316800,6325.68
1530403200,6320.77
1530489600,6615.84
1530576000,6603.82
1530662400,6687.96
1530748800,6506.64
1530835200,6567.12
1530921600,6541.45
1531008000,6760.98
1531094400,6706.79
1531180800,6373.75
1531267200,6350.0
1531353600,6174.76
1531440000,6174.99
1531526400,6267.99
1531612800,6362.99
1531699200,6675.01
1531785600,7295.13
1531872000,7400.0
1531958400,7448.08
1532044800,7344.97
1532131200,7424.99
1532217600,7520.01
1532304000,7744.19
1532390400,8266.41
1532476800,8163.45
1532563200,8262.23
1532649600,8208.76
1532736000,8192.48
1532822400,8212.0
1532908800,8111.99
1532995200,7751.32
1533081600,7560.4
1533168000,7537.99
1533254400,7377.98
1533340800,6991.01
1533427200,7013.18
1533513600,6938.84
1533600000,6999.8
1533686400,6338.49
1533772800,6471.6
1533859200,6407.89
1533945600,6393.13
1534032000,6321.56
1534118400,6237.06
1534204800,6090.64
1534291200,6378.44
1534377600,6405.9
1534464000,6501.77
1534550400,6366.64
1534636800,6380.99
1534723200,6446.67
1534809600,6433.79
1534896000,6435.0
1534982400,6419.7
1535068800,6619.99
1535155200,6710.33
1535241600,6707.48
1535328000,6737.72
1535414400,7092.46
1535500800,7005.71
1535587200,6813.84
1535673600,7041.0
1535760000,7253.13
1535846400,7308.02
1535932800,7306.08
1536019200,7348.48
1536105600,6902.55
1536192000,6455.31
1536278400,6417.53
1536364800,6180.0
1536451200,6381.99
1536537600,6288.5
1536624000,6255.88
1536710400,6308.92
1536796800,6450.11
1536883200,6540.21
1536969600,6537.41
1537056000,6504.99
1537142400,6266.23
1537228800,6300.5
1537315200,6410.0
1537401600,6418.59
1537488000,6753.09
1537574400,6716.98
1537660800,6685.75
1537747200,6619.31
1537833600,6360.38
1537920000,6487.56
1538006400,6651.99
1538092800,6670.0
1538179200,6565.24
1538265600,6575.99
1538352000,6551.96
1538438400,6530.49
1538524800,6433.6
1538611200,6565.92
1538697600,6538.29
1538784000,6547.07
1538870400,6531.86
1538956800,6630.54
1539043200,6585.04
1539129600,6537.61
1539216000,6197.67
1539302400,6215.73
1539388800,6202.39
1539475200,6243.58
1539561600,6390.0
1539648000,6436.87
1539734400,6431.78
1539820800,6399.93
1539907200,6386.45
1539993600,6399.17
1540080000,6438.89
1540166400,6389.73
1540252800,6406.87
1540339200,6421.33
1540425600,6410.0
1540512000,6403.78
1540598400,6402.0
1540684800,6390.95
1540771200,6245.03
1540857600,6259.01
1540944000,6305.0
1541030400,6320.6
1541116800,6355.74
1541203200,6332.58
1541289600,6440.0
1541376000,6372.3
1541462400,6423.41
1541548800,6512.43
1541635200,6413.88
1541721600,6330.58
1541808000,6352.18
1541894400,6318.47
1541980800,6318.96
1542067200,6261.87
1542153600,5559.1
1542240000,5510.76
1542326400,5536.54
1542412800,5487.14
1542499200,5568.6
1542585600,4945.43
1542672000,4545.13
1542758400,4428.14
1542844800,4433.0
1542931200,4226.32
1543017600,4209.18
1543104000,3694.66
1543190400,3813.65
1543276800,3725.55
1543363200,4233.0
1543449600,4217.52
1543536000,3970.2
1543622400,4202.88
1543708800,4098.06
1543795200,3835.49
1543881600,3908.63
1543968000,3732.72
1544054400,3595.43
1544140800,3240.33
1544227200,3384.16
1544313600,3563.88
1544400000,3402.4
1544486400,3344.6
1544572800,3447.7
1544659200,3382.5
1544745600,3178.3
1544832000,3152.84
1544918400,3206.11
1545004800,3533.0
1545091200,3491.63
1545177600,3795.89
1545264000,4044.29
1545350400,3939.3
1545436800,3853.09
1545523200,3980.0
1545609600,4053.0
1545696000,3735.33
1545782400,3755.97
1545868800,3740.85
1545955200,3865.19
1546041600,3836.02
1546128000,3812.05
1546214400,3750.76
1546300800,3659.81
1546387200,3850.0
1546473600,3782.09
1546560000,3757.66
1546646400,3845.58
1546732800,4050.0
1546819200,4015.0
1546905600,4003.7
1546992000,4009.71
1547078400,3613.98
1547164800,3653.46
1547251200,3631.04
1547337600,3504.24
1547424000,3676.34
1547510400,3632.65
1547596800,3608.07
1547683200,3632.54
1547769600,3600.0
1547856000,3703.95
1547942400,3519.38
1548028800,3542.2
1548115200,3590.67
1548201600,3580.0
1548288000,3560.82
1548374400,3543.24
1548460800,3560.56
1548547200,3545.35
1548633600,3417.37
1548720000,3400.69
1548806400,3444.5
1548892800,3400.32
1548979200,3441.0
1549065600,3431.65
1549152000,3421.93
1549238400,3417.14
1549324800,3420.8
1549411200,3367.82
1549497600,3358.79
1549584000,3620.05
1549670400,3605.86
1549756800,3609.0
1549843200,3594.9
1549929600,3597.46
1550016000,3578.7
1550102400,3574.68
1550188800,3566.76
1550275200,3592.51
1550361600,3572.56
1550448000,3882.45
1550534400,3927.9
1550620800,3924.17
1550707200,3880.25
1550793600,3940.69
1550880000,4092.39
1550966400,3777.65
1551052800,3857.2
1551139200,3792.86
1551225600,3796.85
1551312000,3815.17
1551398400,3834.34
1551484800,3803.95
1551571200,3791.06
1551657600,3708.7
1551744000,3838.42
1551830400,3849.03
1551916800,3869.47
1552003200,3888.0
1552089600,3908.21
1552176000,3882.61
1552262400,3841.46
1552348800,3854.98
1552435200,3853.3
1552521600,3851.14
1552608000,3905.53
1552694400,3976.53
1552780800,3972.84
1552867200,3962.57
1552953600,3994.57
1553040000,4011.9
1553126400,3974.79
1553212800,3991.43
1553299200,3971.97
1553385600,3961.0
1553472000,3897.69
1553558400,3913.9
1553644800,4005.0
1553731200,4011.19
1553817600,4077.4
1553904000,4078.01
1553990400,4095.43
1554076800,4133.8
1554163200,4759.87
1554249600,5142.23
1554336000,4823.13
1554422400,5012.0
1554508800,5156.1
1554595200,5134.67
1554681600,5201.53
1554768000,5215.8
1554854400,5402.01
1554940800,5073.78
1555027200,5057.29
1555113600,5078.19
1555200000,5087.2
1555286400,5015.84
1555372800,5191.57
1555459200,5237.36
1555545600,5290.97
1555632000,5296.38
1555718400,5318.89
1555804800,5259.38
1555891200,5387.58
1555977600,5588.94
1556064000,5431.44
1556150400,5487.44
1556236800,5081.38
1556323200,5202.68
1556409600,5144.28
1556496000,5154.4
1556582400,5234.42
1556668800,5300.97
1556755200,5399.38
1556841600,5675.26
1556928000,5609.42
1557014400,5701.1
1557100800,5734.61
1557187200,5843.11
1557273600,5900.71
1557360000,6064.71
1557446400,6368.52
1557532800,6937.87
1557619200,7012.95
1557705600,7909.0
1557792000,7771.42
1557878400,8198.5
1557964800,7846.02
1558051200,7143.49
1558137600,7233.96
1558224000,7952.64
1558310400,7815.57
1558396800,8024.71
1558483200,7936.55
1558569600,7793.48
1558656000,8061.99
1558742400,8015.54
1558828800,8586.88
1558915200,8808.53
1559001600,8698.78
1559088000,8700.17
1559174400,8620.0
1559260800,8439.24
1559347200,8532.14
1559433600,8680.63
1559520000,8567.64
1559606400,7602.6
1559692800,7789.05
1559779200,7597.75
1559865600,7970.65
1559952000,7834.93
1560038400,7748.57
1560124800,7979.84
1560211200,7898.3
1560297600,8175.0
1560384000,8244.48
1560470400,8416.01
1560556800,8859.88
1560643200,8915.91
1560729600,9313.19
1560816000,9075.33
1560902400,9147.38
1560988800,9541.4
1561075200,9906.8
1561161600,10666.01
1561248000,10972.59
1561334400,10895.6
1561420800,11364.48
1561507200,13837.96
1561593600,10818.1
1561680000,12320.0
1561766400,11851.93
1561852800,11231.06
1561939200,10189.99
1562025600,10774.83
1562112000,11277.25
1562198400,11865.79
1562284800,11124.82
1562371200,11521.41
1562457600,11550.0
1562544000,12215.21
1562630400,12510.0
1562716800,12050.0
1562803200,11594.73
1562889600,11637.24
1562976000,11198.99
1563062400,10491.31
1563148800,10861.16
1563235200,9693.17
1563321600,9753.75
1563408000,10530.0
1563494400,10407.4
1563580800,10930.0
1563667200,10420.9
1563753600,10145.84
1563840000,10133.07
1563926400,9648.44
1564012800,9869.93
1564099200,9865.66
1564185600,9399.84
1564272000,9539.62
1564358400,9467.32
1564444800,9603.78
1564531200,9999.82
1564617600,10294.65
1564704000,10472.0
1564790400,10858.17
1564876800,10954.33
1564963200,11750.01
1565049600,11701.65
1565136000,11771.56
1565222400,11562.94
1565308800,11809.04
1565395200,11296.47
1565481600,11369.0
1565568000,11431.0
1565654400,10894.73
1565740800,10119.1
1565827200,10097.03
1565913600,10473.97
1566000000,10176.78
1566086400,10368.17
1566172800,10696.92
1566259200,10727.91
1566345600,10104.37
1566432000,10161.82
1566518400,10420.0
1566604800,10103.85
1566691200,10062.76
1566777600,10308.02
1566864000,10152.3
1566950400,9676.74
1567036800,9502.0
1567123200,9572.43
1567209600,9571.07
1567296000,9633.99
1567382400,10181.88
1567468800,10663.98
1567555200,10715.0
1567641600,10538.68
1567728000,10373.87
1567814400,10492.98
1567900800,10350.02
1567987200,10309.59
1568073600,10005.58
1568160000,10068.0
1568246400,10314.0
1568332800,10219.19
1568419200,10378.46
1568505600,10303.68
1568592000,10118.17
1568678400,10249.79
1568764800,10170.66
1568851200,10108.66
1568937600,10144.57
1569024000,10012.12
1569110400,9980.26
1569196800,9797.02
1569283200,8389.0
1569369600,8348.56
1569456000,8124.0
1569542400,7997.92
1569628800,8160.0
1569715200,7959.42
1569801600,8279.81
1569888000,8310.08
1569974400,8264.84
1570060800,8164.07
1570147200,8200.73
1570233600,8079.14
1570320000,7899.98
1570406400,8226.87
1570492800,8166.42
1570579200,8604.02
1570665600,8589.14
1570752000,8346.67
1570838400,8321.69
1570924800,8448.0
1571011200,8334.49
1571097600,8179.18
1571184000,7954.66
1571270400,8059.31
1571356800,7950.62
1571443200,7978.82
1571529600,8241.97
1571616000,8205.0
1571702400,8169.23
1571788800,7487.76
1571875200,7484.84
1571961600,8638.39
1572048000,9022.09
1572134400,9730.38
1572220800,9417.04
1572307200,9244.21
1572393600,9206.51
1572480000,9235.75
1572566400,9184.7
1572652800,9327.99
1572739200,9162.92
1572825600,9270.58
1572912000,9336.87
1572998400,9307.0
1573084800,9210.84
1573171200,8808.11
1573257600,8772.86
1573344000,9047.14
1573430400,8752.54
1573516800,8732.73
1573603200,8735.02
1573689600,8622.57
1573776000,8479.42
1573862400,8470.3
1573948800,8534.2
1574035200,8181.07
1574121600,8088.86
1574208000,8095.36
1574294400,7578.01
1574380800,7236.09
1574467200,7321.68
1574553600,7085.04
1574640000,7267.12
1574726400,7098.37
1574812800,7517.76
1574899200,7595.01
1574985600,7755.38
1575072000,7484.43
1575158400,7317.23
1575244800,7275.11
1575331200,7359.62
1575417600,7489.63
1575504000,7356.33
1575590400,7459.23
1575676800,7499.12
1575763200,7529.2
1575849600,7450.62
1575936000,7224.0
1576022400,7180.02
1576108800,7212.24
1576195200,7229.09
1576281600,7088.44
1576368000,7113.4
1576454400,6910.19
1576540800,6704.29
1576627200,6871.29
1576713600,7160.61
1576800000,7193.99
1576886400,7148.07
1576972800,7395.82
1577059200,7399.65
1577145600,7203.23
1577232000,7162.05
1577318400,7353.95
1577404800,7212.53
1577491200,7316.68
1577577600,7422.0
1577664000,7223.57
1577750400,7139.78
1577836800,7225.58
1577923200,6953.17
1578009600,7339.97
1578096000,7291.27
1578182400,7430.83
1578268800,7525.46
1578355200,8050.0
1578441600,8051.1
1578528000,7806.41
1578614400,8026.86
1578700800,8154.54
1578787200,8113.39
1578873600,8100.68
1578960000,8772.58
1579046400,8734.45
1579132800,8665.13
1579219200,8901.21
1579305600,8865.47
1579392000,8640.6
1579478400,8648.18
1579564800,8611.63
1579651200,8641.26
1579737600,8307.63
1579824000,8472.11
1579910400,8323.0
1579996800,8553.43
1580083200,8866.02
1580169600,8972.02
1580256000,9355.82
1580342400,9476.82
1580428800,9289.11
1580515200,9377.2
1580601600,9437.47
1580688000,9303.3
1580774400,9161.1
1580860800,9680.03
1580947200,9750.0
1581033600,9776.03
1581120000,9848.47
1581206400,10077.87
1581292800,9839.25
1581379200,10251.82
1581465600,10359.83
1581552000,10191.1
1581638400,10366.49
1581724800,9910.78
1581811200,9808.0
1581897600,9674.52
1581984000,9995.4
1582070400,10207.55
1582156800,9528.81
1582243200,9710.02
1582329600,9679.97
1582416000,9903.75
1582502400,9575.79
1582588800,9378.13
1582675200,8828.07
1582761600,8883.41
1582848000,8543.42
1582934400,8665.35
1583020800,8440.28
1583107200,8862.94
1583193600,8709.5
1583280000,8725.99
1583366400,9120.25
1583452800,9083.0
1583539200,8892.45
1583625600,8287.29
1583712000,7845.8
1583798400,7984.19
1583884800,7829.8
1583971200,6032.9
1584057600,5453.51
1584144000,5391.92
1584230400,5311.32
1584316800,4953.49
1584403200,5399.09
1584489600,5349.18
1584576000,6242.54
1584662400,6190.0
1584748800,6227.85
1584835200,5927.76
1584921600,6292.8
1585008000,6725.05
1585094400,6630.86
1585180800,6675.37
1585267200,6668.84
1585353600,6218.93
1585440000,5905.26
1585526400,6378.07
1585612800,6474.59
1585699200,6216.13
1585785600,6810.77
1585872000,6782.58
1585958400,6749.15
1586044800,6809.5
1586131200,7283.86
1586217600,7289.22
1586304000,7319.43
1586390400,7276.68
1586476800,6917.7
1586563200,6811.8
1586649600,7136.11
1586736000,6788.0
1586822400,6925.34
1586908800,6733.97
1586995200,7081.0
1587081600,7070.55
1587168000,7218.29
1587254400,7145.49
1587340800,6768.81
1587427200,6878.47
1587513600,7095.47
1587600000,7529.15
1587686400,7532.66
1587772800,7547.56
1587859200,7659.0
1587945600,7715.09
1588032000,7728.01
1588118400,8726.3
1588204800,8847.01
1588291200,8739.46
1588377600,8874.49
1588464000,8880.18
1588550400,8846.86
1588636800,8915.35
1588723200,9261.59
1588809600,9877.43
1588896000,9971.15
1588982400,9738.85
1589068800,8513.29
1589155200,8759.28
1589241600,8800.6
1589328000,9163.33
1589414400,9662.11
1589500800,9327.18
1589587200,9330.14
1589673600,9766.75
1589760000,9702.31
1589846400,9642.48
1589932800,9529.21
1590019200,9058.94
1590105600,9172.85
1590192000,9184.69
1590278400,9016.73
1590364800,8937.12
1590451200,8790.45
1590537600,9159.69
1590624000,9456.06
1590710400,9403.99
1590796800,9542.48
1590883200,9507.95
1590969600,9580.02
1591056000,9510.98
1591142400,9577.72
1591228800,9817.16
1591315200,9730.46
1591401600,9664.28
1591488000,9776.52
1591574400,9695.56
1591660800,9733.1
1591747200,9852.72
1591833600,9279.88
1591920000,9428.38
1592006400,9404.71
1592092800,9392.31
1592179200,9423.33
1592265600,9511.91
1592352000,9297.6
1592438400,9391.11
1592524800,9294.79
1592611200,9291.94
1592697600,9338.59
1592784000,9568.22
1592870400,9650.72
1592956800,9291.73
1593043200,9284.01
1593129600,9166.07
1593216000,8935.6
1593302400,9108.21
1593388800,9151.11
1593475200,9137.69
1593561600,9245.79
1593648000,9047.32
1593734400,9091.89
1593820800,9127.54
1593907200,9026.83
1593993600,9295.35
1594080000,9239.28
1594166400,9434.75
1594252800,9219.84
1594339200,9230.49
1594425600,9202.95
1594512000,9221.81
1594598400,9231.92
1594684800,9270.26
1594771200,9175.83
1594857600,9119.12
1594944000,9162.59
1595030400,9164.06
1595116800,9168.0
1595203200,9158.99
1595289600,9361.06
1595376000,9379.03
1595462400,9607.06
1595548800,9596.57
1595635200,9683.1
1595721600,9873.29
1595808000,10799.11
1595894400,11007.76
1595980800,11209.57
1596067200,11134.32
1596153600,11333.56
1596240000,11783.79
1596326400,11199.0
1596412800,11414.76
1596499200,11229.38
1596585600,11662.22
1596672000,11879.08
1596758400,11511.61
1596844800,11715.73
1596931200,11632.29
1597017600,11871.91
1597104000,11393.07
1597190400,11578.4
1597276800,11520.87
1597363200,11809.2
1597449600,11838.37
1597536000,11820.49
1597622400,12339.22
1597708800,11985.42
1597795200,11652.83
1597881600,11858.17
1597968000,11668.82
1598054400,11596.26
1598140800,11681.56
1598227200,11749.65
1598313600,11299.98
1598400000,11467.84
1598486400,11244.13
1598572800,11510.0
1598659200,11525.59
1598745600,11644.7
1598832000,11729.64
1598918400,11966.59
1599004800,11406.73
1599091200,10693.36
1599177600,10588.05
1599264000,9948.93
1599350400,10265.59
1599436800,10148.72
1599523200,9986.34
1599609600,10287.61
1599696000,10283.42
1599782400,10330.63
1599868800,10463.41
1599955200,10311.07
1600041600,10674.3
1600128000,10784.01
1600214400,10984.87
1600300800,10921.98
1600387200,10868.27
1600473600,11054.52
1600560000,10869.15
1600646400,10495.0
1600732800,10494.72
1600819200,10292.43
1600905600,10653.08
1600992000,10724.96
1601078400,10720.61
1601164800,10735.99
1601251200,10867.86
1601337600,10738.44
1601424000,10708.78
1601510400,10620.48
1601596800,10517.99
1601683200,10590.0
1601769600,10675.16
1601856000,10731.0
1601942400,10575.02
1602028800,10654.95
1602115200,10892.16
1602201600,11046.1
1602288000,11358.07
1602374400,11340.15
1602460800,11553.14
1602547200,11391.31
1602633600,11352.54
1602720000,11532.98
1602806400,11320.85
1602892800,11342.91
1602979200,11445.35
1603065600,11698.73
1603152000,11925.0
1603238400,12702.2
1603324800,13091.85
1603411200,12929.93
1603497600,13132.25
1603584000,13048.0
1603670400,13013.35
1603756800,13672.81
1603843200,13173.01
1603929600,13504.66
1604016000,13550.0
1604102400,13794.24
1604188800,13811.94
1604275200,13472.0
1604361600,13753.99
1604448000,14106.33
1604534400,14959.82
1604620800,15474.21
1604707200,14927.93
1604793600,15548.45
1604880000,15331.97
1604966400,15285.8
1605052800,15823.18
1605139200,16122.58
1605225600,16264.62
1605312000,15920.0
1605398400,15917.45
1605484800,16710.6
1605571200,17655.07
1605657600,17784.51
1605744000,17950.12
1605830400,18594.08
1605916800,18760.76
1606003200,18525.81
1606089600,18356.21
1606176000,19270.21
1606262400,19055.82
1606348800,16538.79
1606435200,16796.02
1606521600,17742.13
1606608000,18136.76
1606694400,19182.23
1606780800,18748.89
1606867200,19009.82
1606953600,19406.59
1607040000,19070.91
1607126400,19131.89
1607212800,19118.46
1607299200,18948.7
1607385600,18824.52
1607472000,18198.29
1607558400,18277.82
1607644800,18041.71
1607731200,18700.76
1607817600,19177.37
1607904000,19227.25
1607990400,19529.85
1608076800,20614.38
1608163200,23261.88
1608249600,22796.68
1608336000,23852.99
1608422400,23878.4
1608508800,22818.47
1608595200,23436.63
1608681600,23615.26
1608768000,23321.22
1608854400,24343.05
1608940800,25620.57
1609027200,27009.58
1609113600,26990.99
1609200000,26577.94
1609286400,28525.26
1609372800,28920.98
1609459200,29130.21
1609545600,33026.28
1609632000,32759.78
1609718400,31172.41
1609804800,33467.68
1609891200,35347.64
1609977600,38938.35
1610064000,39948.98
1610150400,40728.95
1610236800,38078.08
1610323200,32517.53
1610409600,35022.26
1610496000,35705.0
1610582400,39296.62
1610668800,35438.16
1610755200,36500.42
1610841600,35680.0
1610928000,35797.47
1611014400,36446.95
1611100800,35259.22
1611187200,31742.9
1611273600,33345.79
1611360000,32203.32
1611446400,31850.03
1611532800,33676.48
1611619200,32286.06
1611705600,29723.39
1611792000,32696.01
1611878400,35177.0
1611964800,34363.24
1612051200,32487.61
1612137600,33737.3
1612224000,35314.31
1612310400,37185.59
1612396800,37200.0
1612483200,37423.85
1612569600,40341.59
1612656000,38319.25
1612742400,42705.78
1612828800,47072.73
1612915200,45144.15
1613001600,47711.78
1613088000,47312.34
1613174400,46839.5
1613260800,48764.35
1613347200,48347.04
1613433600,48660.94
1613520000,51427.4
1613606400,51800.0
1613692800,55343.71
1613779200,57149.51
1613865600,58192.79
1613952000,53240.21
1614038400,46864.91
1614124800,49618.4
1614211200,49601.25
1614297600,47309.17
1614384000,47167.77
1614470400,43724.75
1614556800,48534.26
1614643200,47695.11
1614729600,51277.66
1614816000,47566.05
1614902400,48498.21
1614988800,48505.9
1615075200,50401.04
1615161600,50793.13
1615248000,53923.77
1615334400,56727.25
1615420800,57525.09
1615507200,57363.41
1615593600,60295.01
1615680000,59914.15
1615766400,56631.96
1615852800,55771.8
1615939200,57909.51
1616025600,57269.83
1616112000,58884.88
1616198400,59264.78
1616284800,57583.82
1616371200,55593.39
1616457600,55009.03
1616544000,54703.59
1616630400,52184.05
1616716800,53865.81
1616803200,55842.61
1616889600,55228.45
1616976000,57665.67
1617062400,59118.91
1617148800,58582.36
1617235200,58899.97
1617321600,58864.8
1617408000,58636.49
1617494400,57969.03
1617580800,59028.06
1617667200,58258.14
1617753600,56127.66
1617840000,57742.55
1617926400,58373.13
1618012800,59548.73
1618099200,59661.24
1618185600,60039.68
1618272000,63044.49
1618358400,62139.52
1618444800,63460.99
1618531200,61848.34
1618617600,60755.55
1618704000,55832.73
1618790400,56027.41
1618876800,56639.29
1618963200,55518.27
1619049600,52957.17
1619136000,50941.32
1619222400,50729.57
1619308800,49414.37
1619395200,54101.16
1619481600,54846.25
1619568000,55461.68
1619654400,52888.31
1619740800,57098.08
1619827200,57822.6
1619913600,56888.61
1620000000,57589.8
1620086400,54594.15
1620172800,57186.27
1620259200,56180.86
1620345600,57648.3
1620432000,59149.79
1620518400,57352.77
1620604800,55694.85
1620691200,56729.69
1620777600,54496.28
1620864000,48549.37
1620950400,50198.39
1621036800,48071.37
1621123200,45550.0
1621209600,44225.96
1621296000,43297.57
1621382400,39407.94
1621468800,40214.36
1621555200,36094.58
1621641600,37379.12
1621728000,33101.38
1621814400,39641.54
1621900800,37365.72
1621987200,38554.15
1622073600,38828.53
1622160000,35802.58
1622246400,34059.74
1622332800,36102.48
1622419200,36907.65
1622505600,35964.59
1622592000,37895.52
1622678400,38598.24
1622764800,36835.04
1622851200,35764.83
1622937600,35762.58
1623024000,35649.0
1623110400,32913.02
1623196800,36291.76
1623283200,36706.18
1623369600,37268.86
1623456000,35745.71
1623542400,37695.47
1623628800,39696.86
1623715200,39980.88
1623801600,38687.88
1623888000,37700.0
1623974400,35335.67
1624060800,35944.15
1624147200,35512.07
1624233600,32592.83
1624320000,32409.31
1624406400,32898.7
1624492800,34858.8
1624579200,32261.63
1624665600,31594.35
1624752000,32827.86
1624838400,34459.15
1624924800,36418.26
1625011200,34780.49
1625097600,33119.94
1625184000,33358.58
1625270400,34759.19
1625356800,35572.8
1625443200,34136.51
1625529600,34028.97
1625616000,34648.94
1625702400,32999.01
1625788800,33452.31
1625875200,33418.82
1625961600,33902.61
1626048000,32832.24
1626134400,32297.88
1626220800,32739.16
1626307200,31539.48
1626393600,31938.31
1626480000,31856.73
1626566400,31654.11
1626652800,30728.85
1626739200,29790.12
1626825600,31649.06
1626912000,32395.05
1626998400,32273.14
1627084800,33883.88
1627171200,34379.0
1627257600,39362.65
1627344000,37828.87
1627430400,40410.91
1627516800,39699.25
1627603200,39901.0
1627689600,41335.16
1627776000,41260.0
1627862400,39189.39
1627948800,37984.63
1628035200,39751.38
1628121600,40695.28
1628208000,42913.5
1628294400,44015.1
1628380800,43743.7
1628467200,46021.26
1628553600,45529.93
1628640000,46475.2
1628726400,44411.82
1628812800,46467.6
1628899200,47098.49
1628985600,46366.38
1629072000,46101.61
1629158400,45482.99
1629244800,44898.4
1629331200,46710.14
1629417600,48701.97
1629504000,48979.19
1629590400,48692.21
1629676800,49228.63
1629763200,48249.72
1629849600,48684.36
1629936000,46967.83
1630022400,48339.59
1630108800,48677.19
1630195200,48830.47
1630281600,48650.0
1630368000,47321.52
1630454400,48162.13
1630540800,49355.82
1630627200,50568.41
1630713600,50023.26
1630800000,50722.13
1630886400,51750.0
1630972800,46693.9
1631059200,46466.52
1631145600,46582.77
1631232000,45645.39
1631318400,45373.69
1631404800,45914.13
1631491200,44772.31
1631577600,46490.9
1631664000,48108.49
1631750400,47458.06
1631836800,47485.0
1631923200,48271.63
1632009600,47391.0
1632096000,43879.23
1632182400,42014.08
1632268800,43451.34
1632355200,44823.96
1632441600,42418.01
1632528000,42666.86
1632614400,43261.11
1632700800,43057.01
1632787200,41575.9
1632873600,41194.33
1632960000,43540.0
1633046400,48046.25
1633132800,48274.06
1633219200,48818.68
1633305600,49403.87
1633392000,51220.53
1633478400,55080.67
1633564800,53991.95
1633651200,54709.69
1633737600,54669.39
1633824000,55503.36
1633910400,57493.74
1633996800,55307.14
1634083200,57271.1
1634169600,57874.33
1634256000,61454.19
1634342400,60837.26
1634428800,60521.65
1634515200,61437.66
1634601600,64248.07
1634688000,66407.91
1634774400,62786.41
1634860800,61035.68
1634947200,61017.81
1635033600,60660.2
1635120000,62677.17
1635206400,61976.54
1635292800,59122.37
1635379200,61310.0
1635465600,62574.67
1635552000,61759.54
1635638400,60730.85
1635724800,61496.4
1635811200,63612.72
1635897600,62853.04
1635984000,61277.48
1636070400,61148.05
1636156800,61233.02
1636243200,62509.57
1636329600,65953.85
1636416000,66554.72
1636502400,67773.76
1636588800,64794.67
1636675200,63908.14
1636761600,64133.94
1636848000,64013.96
1636934400,63812.17
1637020800,59965.27
1637107200,60482.42
1637193600,58029.4
1637280000,57952.03
1637366400,59490.18
1637452800,59514.42
1637539200,56488.54
1637625600,57457.9
1637712000,56804.69
1637798400,59157.57
1637884800,54098.57
1637971200,55030.06
1638057600,54189.09
1638144000,58725.38
1638230400,58349.19
1638316800,57516.92
1638403200,56742.43
1638489600,54881.49
1638576000,48946.46
1638662400,49173.36
1638748800,49235.1
1638835200,50969.13
1638921600,50595.05
1639008000,47771.81
1639094400,47844.95
1639180800,48679.95
1639267200,50530.23
1639353600,47482.97
1639440000,46683.02
1639526400,47835.84
1639612800,47999.48
1639699200,47010.22
1639785600,46752.63
1639872000,47152.4
1639958400,46272.2
1640044800,48473.38
1640131200,48590.59
1640217600,50576.36
1640304000,51632.85
1640390400,51031.89
1640476800,50404.53
1640563200,51716.62
1640649600,47799.45
1640736000,47548.0
1640822400,47877.61
1640908800,46648.83
1640995200,47587.72
1641081600,47068.62
1641168000,46463.8
1641254400,45734.74
1641340800,45927.26
1641427200,43380.98
1641513600,41707.08
1641600000,40664.58
1641686400,41993.0
1641772800,41638.27
1641859200,42776.9
1641945600,43628.46
1642032000,42734.98
1642118400,43084.11
1642204800,43387.3
1642291200,43088.22
1642377600,42210.87
1642464000,41629.14
1642550400,42026.67
1642636800,42847.85
1642723200,38294.12
1642809600,34399.79
1642896000,34981.42
1642982400,36211.3
1643068800,37355.1
1643155200,37975.94
1643241600,36238.41
1643328000,37095.66
1643414400,37829.77
1643500800,37848.77
1643587200,38479.91
1643673600,38549.82
1643760000,37535.42
1643846400,36795.98
1643932800,40496.05
1644019200,41703.96
1644105600,41529.67
1644192000,44114.19
1644278400,43012.22
1644364800,44216.58
1644451200,45251.87
1644537600,42699.87
1644624000,42867.2
1644710400,42003.38
1644796800,42259.82
1644883200,44154.8
1644969600,43880.72
1645056000,41331.01
1645142400,40165.13
1645228800,40148.73
1645315200,38423.09
1645401600,37810.55
1645488000,37741.64
1645574400,37790.51
1645660800,36435.58
1645747200,38685.67
1645833600,39136.15
1645920000,38923.63
1646006400,41233.87
1646092800,43852.0
1646179200,43621.93
1646265600,42264.52
1646352000,40598.77
1646438400,39403.69
1646524800,38888.92
1646611200,37995.65
1646697600,38740.6
1646784000,42047.59
1646870400,39186.11
1646956800,38654.92
1647043200,39085.54
1647129600,38883.69
1647216000,38795.53
1647302400,39718.5
1647388800,40897.34
1647475200,40906.04
1647561600,42055.89
1647648000,42066.94
1647734400,41410.0
1647820800,41199.35
1647907200,42309.72
1647993600,42241.47
1648080000,43948.31
1648166400,44470.73
1648252800,44388.61
1648339200,44864.48
1648425600,47988.7
1648512000,47755.31
1648598400,47111.08
1648684800,45622.39
1648771200,46397.67
1648857600,46173.21
1648944000,46425.74
1649030400,45941.38
1649116800,45996.45
1649203200,43772.68
1649289600,43400.0
1649376000,42745.99
1649462400,42532.37
1649548800,43274.32
1649635200,40001.68
1649721600,39299.35
1649808000,41067.61
1649894400,39785.01
1649980800,40329.67
1650067200,40228.65
1650153600,40397.99
1650240000,40664.76
1650326400,41444.08
1650412800,41192.59
1650499200,41225.89
1650585600,39500.77
1650672000,39774.97
1650758400,39712.15
1650844800,40235.39
1650931200,38280.0
1651017600,38880.44
1651104000,39999.79
1651190400,38336.85
1651276800,38487.71
1651363200,37796.4
1651449600,38544.97
1651536000,37707.07
1651622400,39837.52
1651708800,36351.93
1651795200,35988.76
1651881600,35867.78
1651968000,34595.74
1652054400,30958.65
1652140800,31323.69
1652227200,29314.51
1652313600,28558.82
1652400000,30027.62
1652486400,29298.37
1652572800,30430.91
1652659200,29569.7
1652745600,30074.73
1652832000,29219.79
1652918400,29925.07
1653004800,29253.88
1653091200,29439.71
1653177600,29902.45
1653264000,29050.0
1653350400,29362.16
1653436800,29563.54
1653523200,29366.82
1653609600,28855.34
1653696000,29003.52
1653782400,29105.21
1653868800,30630.52
1653955200,31610.61
1654041600,30104.83
1654128000,30284.03
1654214400,29562.14
1654300800,29636.08
1654387200,30043.39
1654473600,31441.76
1654560000,31024.08
1654646400,30116.0
1654732800,29990.88
1654819200,28937.05
1654905600,28571.03
1654992000,27387.23
1655078400,23144.08
1655164800,22159.78
1655251200,21592.6
1655337600,20848.73
1655424000,20500.0
1655510400,18047.74
1655596800,20090.03
1655683200,20051.04
1655769600,20871.69
1655856000,20100.98
1655942400,20894.01
1656028800,21233.64
1656115200,21194.44
1656201600,21277.6
1656288000,20829.08
1656374400,20238.96
1656460800,20201.96
1656547200,18901.6
1656633600,19359.05
1656720000,19246.22
1656806400,19480.6
1656892800,19803.63
1656979200,20378.7
1657065600,20295.32
1657152000,21835.16
1657238400,21786.43
1657324800,21618.77
1657411200,20918.25
1657497600,20491.63
1657584000,19382.5
1657670400,19645.03
1657756800,20578.79
1657843200,21159.36
1657929600,21182.79
1658016000,21030.89
1658102400,21615.0
1658188800,23409.44
1658275200,23673.67
1658361600,23210.61
1658448000,22591.06
1658534400,22281.94
1658620800,22716.65
1658707200,21905.01
1658793600,20935.13
1658880000,22780.6
1658966400,23790.88
1659052800,23899.15
1659139200,23944.23
1659225600,23837.21
1659312000,22971.06
1659398400,22954.9
1659484800,23472.97
1659571200,22460.9
1659657600,22949.16
1659744000,23199.13
1659830400,23163.32
1659916800,23933.95
1660003200,23072.86
1660089600,23646.0
1660176000,24240.0
1660262400,24194.0
1660348800,24418.0
1660435200,24292.0
1660521600,23982.0
1660608000,23941.0
1660694400,23279.0
1660780800,23341.0
1660867200,21334.0
1660953600,20989.0
1661040000,21516.0
1661126400,21042.0
1661212800,21516.0
1661299200,21701.0
1661385600,21602.0
1661472000,20648.0
1661558400,20025.0
1661644800,19973.0
1661731200,20092.0
1661817600,19955.0
1661904000,20219.0
1661990400,19872.0
1662076800,19911.0
1662163200,19716.0
1662249600,19881.0
1662336000,19704.0
1662422400,18820.0
1662508800,19000.0
1662595200,19351.0
1662681600,21296.0
1662768000,21587.0
1662854400,21625.0
1662940800,22431.0
1663027200,20288.0
1663113600,19968.0
1663200000,19779.0
1663286400,19615.0
1663372800,20010.0
1663459200,19722.0
1663545600,19514.0
1663632000,18993.0
1663718400,19011.0
1663804800,19308.0
1663891200,18815.0
1663977600,19110.0
1664064000,18917.0
1664150400,19200.0
1664236800,19082.0
1664323200,19543.0
1664409600,19399.0
1664496000,19495.0
1664582400,19269.0
1664668800,19261.0
1664755200,19539.0
1664841600,20221.0
1664928000,20114.0
1665014400,20019.0
1665100800,19463.0
1665187200,19474.0
1665273600,19468.0
1665360000,19218.0
1665446400,18996.0
1665532800,19140.0
1665619200,19375.0
1665705600,19169.0
1665792000,19105.0
1665878400,19375.0
1665964800,19527.0
1666051200,19220.0
1666137600,19226.0
1666224000,19061.0
1666310400,19189.0
1666396800,19186.0
1666483200,19507.0
1666569600,19345.0
1666656000,20276.0
1666742400,20751.0
1666828800,20628.0
1666915200,20614.0
1667001600,20844.0
1667088000,20655.0
1667174400,20368.0
1667260800,20445.0
1667347200,20263.0
1667433600,20265.0
1667520000,21102.0
1667606400,21335.0
1667692800,21222.0
1667779200,20707.0
1667865600,18612.0
1667952000,16585.0
1668038400,17354.0
1668124800,16806.0
1668211200,16842.0
1668297600,16499.0
1668384000,16590.0
1668470400,16721.0
1668556800,16534.0
1668643200,16694.0
1668729600,16570.0
1668816000,16612.0
1668902400,16562.0
1668988800,15954.0
1669075200,16124.0
1669161600,16525.0
1669248000,16576.0
1669334400,16483.0
1669420800,16467.0
1669507200,16556.0
1669593600,16156.0
1669680000,16412.0
1669766400,16926.0
1669852800,16934.0
1669939200,16957.0
1670025600,16972.0
1670112000,17068.0
1670198400,17048.0
1670284800,16977.0
1670371200,16789.0
1670457600,17244.0
1670544000,17150.0
1670630400,17188.0
1670716800,17200.0
1670803200,17029.0
1670889600,17713.0
1670976000,18231.0
1671062400,17398.0
1671148800,16824.0
1671235200,16708.0
1671321600,16746.0
1671408000,16544.0
1671494400,16840.0
1671580800,16791.0
1671667200,16616.0
1671753600,16836.0
1671840000,16841.0
1671926400,16779.0
1672012800,16816.0
1672099200,16622.0
1672185600,16631.0
1672272000,16626.0
1672358400,16564.0
1672444800,16567.0
1672531200,16584.0
1672617600,16718.0
1672704000,16638.0
1672790400,16948.0
1672876800,16839.0
1672963200,16845.0
1673049600,16936.0
1673136000,16926.0
1673222400,17350.0
1673308800,17434.0
1673395200,17488.0
1673481600,18802.0
1673568000,19300.0
1673654400,20761.0
1673740800,20819.0
1673827200,21284.0
1673913600,21351.0
1674000000,20934.0
1674086400,20981.0
1674172800,21391.0
1674259200,23253.0
1674345600,22838.0
1674432000,22950.0
1674518400,23003.0
1674604800,22732.0
1674691200,23042.0
1674777600,23191.0
1674864000,23004.0
1674950400,23688.0
1675036800,23136.0
1675123200,23171.0
1675209600,23068.0
1675296000,24061.0
1675382400,23420.0
1675468800,23451.0
1675555200,22854.0
1675641600,23022.0
1675728000,22927.0
1675814400,22897.0
1675900800,22514.0
1675987200,21707.0
1676073600,21657.0
1676160000,21977.0
1676246400,21651.0
1676332800,22129.0
1676419200,22978.0
1676505600,24972.0
1676592000,24365.0
1676678400,24718.0
1676764800,24479.0
1676851200,24822.0
1676937600,24692.0
1677024000,23745.0
1677110400,23863.0
1677196800,23090.0
1677283200,22984.0
1677369600,23479.0
1677456000,23290.0
1677542400,23485.0
1677628800,23695.0
1677715200,23452.0
1677801600,22314.0
1677888000,22324.0
1677974400,22437.0
1678060800,22504.0
1678147200,22201.0
1678233600,22021.0
1678320000,21008.0
1678406400,19851.0
1678492800,20459.0
1678579200,21089.0
1678665600,24388.0
1678752000,25128.0
1678838400,24442.0
1678924800,25033.0
1679011200,26887.0
1679097600,27425.0
1679184000,28347.0
1679270400,27870.0
1679356800,28205.0
1679443200,26700.0
1679529600,28405.0
1679616000,27855.0
1679702400,27243.0
1679788800,27852.0
1679875200,26970.0
1679961600,27427.0
1680048000,28417.0
1680134400,27977.0
1680220800,28460.0
1680307200,28398.0
1680393600,27966.0
1680480000,28098.0
1680566400,28201.0
1680652800,28258.0
1680739200,28037.0
1680825600,27923.0
1680912000,27951.0
1680998400,28167.0
1681084800,29198.0
1681171200,30158.0
1681257600,29802.0
1681344000,30364.0
1681430400,30342.0
1681516800,30368.0
1681603200,30322.0
1681689600,29469.0
1681776000,30236.0
1681862400,29245.0
1681948800,28092.0
1682035200,27275.0
1682121600,27627.0
1682208000,27471.0
1682294400,27380.0
1682380800,27612.0
1682467200,27897.0
1682553600,29662.0
1682640000,29337.0
1682726400,29267.0
1682812800,29383.0
1682899200,27821.0
1682985600,28708.0
1683072000,28331.0
1683158400,28902.0
1683244800,29586.0
1683331200,28905.0
1683417600,28950.0
1683504000,27363.0
1683590400,27723.0
1683676800,27717.0
1683763200,26852.0
1683849600,26473.0
1683936000,26853.0
1684022400,26891.0
1684108800,27413.0
1684195200,26934.0
1684281600,27375.0
1684368000,26755.0
1684454400,26836.0
1684540800,27075.0
1684627200,26913.0
1684713600,26856.0
1684800000,27195.0
1684886400,26246.0
1684972800,26467.0
1685059200,26775.0
1685145600,26743.0
1685232000,27531.0
1685318400,27649.0
1685404800,27861.0
1685491200,27020.0
1685577600,26867.0
1685664000,27241.0
1685750400,27109.0
1685836800,27223.0
1685923200,25625.0
1686009600,27099.0
1686096000,26474.0
1686182400,26546.0
1686268800,26405.0
1686355200,25761.0
1686441600,26046.0
1686528000,25821.0
1686614400,25896.0
1686700800,25871.0
1686787200,25439.0
1686873600,26364.0
1686960000,26465.0
1687046400,26643.0
1687132800,26668.0
1687219200,28002.0
1687305600,30127.0
1687392000,30224.0
1687478400,30905.0
1687564800,30646.0
1687651200,30443.0
1687737600,30254.0
1687824000,30679.0
1687910400,30095.0
1687996800,30585.0
1688083200,30368.0
1688169600,30617.0
1688256000,30564.0
1688342400,31258.0
1688428800,30708.0
1688515200,30439.0
1688601600,30313.0
1688688000,30244.0
1688774400,30117.0
1688860800,30249.0
1688947200,30840.0
1689033600,30582.0
1689120000,30278.0
1689206400,31637.0
1689292800,30122.0
1689379200,30340.0
1689465600,30260.0
1689552000,29901.0
1689638400,29719.0
1689724800,30047.0
1689811200,29752.0
1689897600,29874.0
1689984000,29841.0
1690070400,30089.0
1690156800,29107.0
1690243200,29195.0
1690329600,29403.0
1690416000,29158.0
1690502400,29319.0
1690588800,29339.0
1690675200,29197.0
1690761600,29157.0
1690848000,29258.0
1690934400,29136.0
1691020800,29260.0
1691107200,28986.0
1691193600,29037.0
1691280000,29051.0
1691366400,29119.0
1691452800,29884.0
1691539200,29399.0
1691625600,29399.0
1691712000,29364.0
1691798400,29403.0
1691884800,29422.0
1691971200,29323.0
1692057600,29149.0
1692144000,29078.0
1692230400,27852.0
1692316800,26046.0
1692403200,26126.0
1692489600,26138.0
1692576000,26100.0
1692662400,25770.0
1692748800,26626.0
1692835200,26016.0
1692921600,25956.0
1693008000,26028.0
1693094400,26115.0
1693180800,25976.0
1693267200,27847.0
1693353600,27178.0
1693440000,26181.0
1693526400,25622.0
1693612800,25836.0
1693699200,26002.0
1693785600,25886.0
1693872000,25672.0
1693958400,25659.0
1694044800,25886.0
1694131200,25885.0
1694217600,25867.0
1694304000,25793.0
1694390400,25005.0
1694476800,26071.0
1694563200,26146.0
1694649600,26689.0
1694736000,26404.0
1694822400,26545.0
1694908800,26512.0
1694995200,26831.0
1695081600,27199.0
1695168000,26945.0
1695254400,26602.0
1695340800,26536.0
1695427200,26613.0
1695513600,26458.0
1695600000,26331.0
1695686400,26240.0
1695772800,26241.0
1695859200,27103.0
1695945600,26918.0
1696032000,27031.0
1696118400,27109.0
1696204800,27975.0
1696291200,27267.0
1696377600,27631.0
1696464000,27483.0
1696550400,27968.0
1696636800,27882.0
1696723200,27913.0
1696809600,27616.0
1696896000,27404.0
1696982400,26753.0
1697068800,26705.0
1697155200,26771.0
1697241600,26869.0
1697328000,27044.0
1697414400,28482.0
1697500800,28529.0
1697587200,28259.0
1697673600,28780.0
1697760000,29581.0
1697846400,30177.0
1697932800,29861.0
1698019200,31379.0
1698105600,33819.0
1698192000,34758.0
1698278400,34068.0
1698364800,33708.0
1698451200,34125.0
1698537600,34583.0
1698624000,34439.0
1698710400,34553.0
1698796800,34575.0
1698883200,34996.0
1698969600,34543.0
1699056000,34754.0
1699142400,35050.0
1699228800,34958.0
1699315200,35382.0
1699401600,35593.0
1699488000,36379.0
1699574400,37267.0
1699660800,37139.0
1699747200,37154.0
1699833600,36749.0
1699920000,35268.0
1700006400,37400.0
1700092800,36238.0
1700179200,36487.0
1700265600,36736.0
1700352000,36854.0
1700438400,37554.0
1700524800,36913.0
1700611200,37197.0
1700697600,37267.0
1700784000,37750.0
1700870400,37841.0
1700956800,37264.0
1701043200,36976.0
1701129600,38023.0
1701216000,37866.0
1701302400,37750.0
1701388800,38717.0
1701475200,38894.0
1701561600,39568.0
1701648000,41726.0
1701734400,43696.0
1701820800,43938.0
1701907200,43332.0
1701993600,43840.0
1702080000,43997.0
1702166400,43831.0
1702252800,40980.0
1702339200,41264.0
1702425600,42124.0
1702512000,42871.0
1702598400,42100.0
1702684800,42438.0
1702771200,42129.0
1702857600,41619.0
1702944000,42197.0
1703030400,44161.0
1703116800,43580.0
1703203200,43983.0
1703289600,43810.0
1703376000,43697.0
1703462400,43455.0
1703548800,42128.0
1703635200,43203.0
1703721600,42493.0
1703808000,42062.0
1703894400,42413.0
1703980800,42639.0
1704067200,43120.0
1704153600,45170.0
1704240000,42265.0
1704326400,44094.0
1704412800,43626.0
1704499200,44031.0
1704585600,44138.0
1704672000,47007.0
1704758400,46657.0
1704844800,46549.0
1704931200,46592.0
1705017600,43424.0
1705104000,42794.0
1705190400,42882.0
1705276800,42979.0
1705363200,43005.0
1705449600,42568.0
1705536000,41440.0
1705622400,41761.0
1705708800,41582.0
1705795200,41666.0
1705881600,40262.0
1705968000,39079.0
1706054400,39754.0
1706140800,39822.0
1706227200,42117.0
1706313600,41797.0
1706400000,41967.0
1706486400,43022.0
1706572800,43372.0
1706659200,43500.0
1706745600,42838.0
1706832000,42901.0
1706918400,43058.0
1707004800,42779.0
1707091200,42678.0
1707177600,43176.0
1707264000,43625.0
1707350400,45283.0
1707436800,47630.0
1707523200,47353.0
1707609600,48295.0
1707696000,49745.0
1707782400,49126.0
1707868800,51475.0
1707955200,52003.0
1708041600,51993.0
1708128000,51278.0
1708214400,51805.0
1708300800,51934.0
1708387200,51506.0
1708473600,50855.0
1708560000,51700.0
1708646400,51094.0
1708732800,51429.0
1708819200,51566.0
1708905600,53644.0
1708992000,57165.0
1709078400,61148.0
1709164800,60775.0
1709251200,62362.0
1709337600,62074.0
1709424000,62843.0
1709510400,66673.0
1709596800,64022.0
1709683200,67190.0
1709769600,67705.0
1709856000,68711.0
1709942400,68417.0
1710028800,69528.0
1710115200,72044.0
1710201600,71476.0
1710288000,73468.0
1710374400,69339.0
1710460800,68971.0
1710547200,66931.0
1710633600,68526.0
1710720000,66950.0
1710806400,64395.0
1710892800,65792.0
1710979200,65264.0
1711065600,63883.0
1711152000,64893.0
1711238400,65846.0
1711324800,71043.0
1711411200,69456.0
1711497600,68595.0
1711584000,70847.0
1711670400,69706.0
1711756800,69946.0
1711843200,71034.0
1711929600,69713.0
1712016000,66000.0
1712102400,65816.0
1712188800,68498.0
1712275200,67422.0
1712361600,68280.0
1712448000,69079.0
1712534400,71738.0
1712620800,69001.0
1712707200,70075.0
1712793600,70489.0
1712880000,66856.0
1712966400,64886.0
1713052800,64206.0
1713139200,63349.0
1713225600,62735.0
1713312000,61004.0
1713398400,63554.0
1713484800,64340.0
1713571200,64895.0
1713657600,64554.0
1713744000,66555.0
1713830400,66485.0
1713916800,63939.0
1714003200,64708.0
1714089600,63714.0
1714176000,63315.0
1714262400,63732.0
1714348800,62966.0
1714435200,59150.0
1714521600,56893.0
1714608000,59369.0
1714694400,62102.0
1714780800,63927.0
1714867200,63888.0
1714953600,63193.0
1715040000,63067.0
1715126400,62154.0
1715212800,62442.0
1715299200,60625.0
1715385600,61122.0
1715472000,61394.0
1715558400,63174.0
1715644800,61559.0
1715731200,66099.0
1715817600,65160.0
1715904000,67083.0
1715990400,66936.0
1716076800,66052.0
1716163200,70057.0
1716249600,69264.0
1716336000,69599.0
1716422400,67114.0
1716508800,69171.0
1716595200,69149.0
1716681600,68868.0
1716768000,69187.0
1716854400,68348.0
1716940800,67203.0
1717027200,68644.0
1717113600,67580.0
1717200000,67702.0
1717286400,67733.0
1717372800,69186.0
1717459200,70446.0
1717545600,71284.0
1717632000,70459.0
1717718400,69228.0
1717804800,69455.0
1717891200,69701.0
1717977600,69469.0
1718064000,67402.0
1718150400,67523.0
1718236800,66568.0
1718323200,65485.0
1718409600,66120.0
1718496000,66500.0
1718582400,66642.0
1718668800,64398.0
1718755200,64857.0
1718841600,64988.0
1718928000,64203.0
1719014400,64273.0
1719100800,64110.0
1719187200,59269.0
1719273600,61984.0
1719360000,60955.0
1719446400,61368.0
1719532800,59969.0
1719619200,60959.0
1719705600,61940.0
1719792000,63180.0
1719878400,61830.0
1719964800,59630.0
1720051200,58246.0
1720137600,56457.0
1720224000,57868.0
1720310400,57146.0
1720396800,56487.0
1720483200,57859.0
1720569600,57385.0
1720656000,57374.0
1720742400,57607.0
1720828800,58653.0
1720915200,59942.0
1721001600,63418.0
1721088000,65202.0
1721174400,64574.0
1721260800,63504.0
1721347200,67226.0
1721433600,67261.0
1721520000,67460.0
1721606400,68233.0
1721692800,65547.0
1721779200,65611.0
1721865600,64662.0
1721952000,68013.0
1722038400,68281.0
1722124800,68107.0
1722211200,67279.0
1722297600,65871.0
1722384000,65243.0
1722470400,63389.0
1722556800,62551.0
1722643200,60206.0
1722729600,59240.0
1722816000,53483.0
1722902400,56796.0
1722988800,54762.0
1723075200,59462.0
1723161600,60698.0
1723248000,61023.0
1723334400,59631.0
1723420800,59051.0
1723507200,60851.0
1723593600,58921.0
1723680000,57051.0
1723766400,59695.0
1723852800,59473.0
1723939200,59718.0
1724025600,58974.0
1724112000,59473.0
1724198400,61602.0
1724284800,60312.0
1724371200,63700.0
1724457600,64243.0
1724544000,64220.0
1724630400,63326.0
1724716800,62059.0
1724803200,58898.0
1724889600,59250.0
1724976000,58703.0
1725062400,58856.0
1725148800,58497.0
1725235200,58444.0
1725321600,58021.0
1725408000,58027.0
1725494400,56023.0
1725580800,53484.0
1725667200,54415.0
1725753600,54340.0
1725840000,57103.0
1725926400,57971.0
1726012800,57644.0
1726099200,58380.0
1726185600,60545.0
1726272000,60012.0
1726358400,59130.0
1726444800,58212.0
1726531200,60316.0
1726617600,61757.0
1726704000,62940.0
1726790400,63211.0
1726876800,63364.0
1726963200,63563.0
1727049600,63325.0
1727136000,64260.0
1727222400,63147.0
1727308800,65175.0
1727395200,65781.0
1727481600,65876.0
1727568000,65601.0
1727654400,63302.0
1727740800,60807.0
1727827200,60634.0
1727913600,60745.0
1728000000,62081.0
1728086400,62063.0
1728172800,62814.0
1728259200,62212.0
1728345600,62133.0
1728432000,60582.0
1728518400,60278.0
1728604800,62452.0
1728691200,63194.0
1728777600,62849.0
1728864000,66070.0
1728950400,67061.0
1729036800,67622.0
1729123200,67392.0
1729209600,68420.0
1729296000,68359.0
1729382400,69011.0
1729468800,67340.0
1729555200,67382.0
1729641600,66601.0
1729728000,68155.0
1729814400,66578.0
1729900800,67003.0
1729987200,67938.0
1730073600,69918.0
1730160000,72729.0
1730246400,72331.0
1730332800,70231.0
1730419200,69490.0
1730505600,69330.0
1730592000,68738.0
1730678400,67818.0
1730764800,69386.0
1730851200,75637.0
1730937600,75921.0
1731024000,76561.0
1731110400,76722.0
1731196800,80425.0
1731283200,88770.0
1731369600,88031.0
1731456000,90521.0
1731542400,87333.0
1731628800,91070.0
1731715200,90608.0
1731801600,89861.0
1731888000,90512.0
1731974400,92424.0
1732060800,94373.0
1732147200,98451.0
1732233600,99013.0
1732320000,97775.0
1732406400,98007.0
1732492800,93035.0
1732579200,91928.0
1732665600,95978.0
1732752000,95661.0
1732838400,97512.0
1732924800,96441.0
1733011200,97291.0
1733097600,95859.0
1733184000,95926.0
1733270400,98773.0
1733356800,97057.0
1733443200,99898.0
1733529600,99929.0
1733616000,101204.0
1733702400,97468.0
1733788800,96648.0
1733875200,101201.0
1733961600,100068.0
1734048000,101435.0
1734134400,101382.0
1734220800,104427.0
1734307200,106073.0
1734393600,106187.0
1734480000,100153.0
1734566400,97375.0
1734652800,97760.0
1734739200,97211.0
1734825600,95098.0
1734912000,94750.0
1734998400,98596.0
1735084800,99374.0
1735171200,95687.0
1735257600,94168.0
1735344000,95139.0
1735430400,93557.0
1735516800,92628.0
1735603200,93381.0
1735689600,94388.0
1735776000,96907.0
1735862400,98133.0
1735948800,98209.0
1736035200,98327.0
1736121600,102280.0
1736208000,96946.0
1736294400,95065.0
1736380800,92542.0
1736467200,94702.0
1736553600,94568.0
1736640000,94497.0
1736726400,94505.0
1736812800,96523.0
1736899200,100512.0
1736985600,99975.0
1737072000,104119.0
1737158400,104436.0
1737244800,101237.0
1737331200,102141.0
1737417600,106149.0
1737504000,103632.0
1737590400,103933.0
1737676800,104855.0
1737763200,104738.0
1737849600,102573.0
1737936000,102090.0
1738022400,101292.0
1738108800,103747.0
1738195200,104738.0
1738281600,102412.0
1738368000,100638.0
1738454400,97675.0
1738540800,101457.0
1738627200,97786.0
1738713600,96614.0
1738800000,96573.0
1738886400,96535.0
1738972800,96472.0
1739059200,96477.0
1739145600,97469.0
1739232000,95754.0
1739318400,97882.0
1739404800,96627.0
1739491200,97520.0
1739577600,97591.0
1739664000,96132.0
1739750400,95772.0
1739836800,95612.0
1739923200,96642.0
1740009600,98337.0
1740096000,96131.0
1740182400,96572.0
1740268800,96262.0
1740355200,91554.0
1740441600,88576.0
1740528000,84071.0
1740614400,84639.0
1740700800,84321.0
1740787200,86033.0
1740873600,94273.0
1740960000,86160.0
1741046400,87240.0
1741132800,90611.0
1741219200,89918.0
1741305600,86759.0
1741392000,86192.0
1741478400,80708.0
1741564800,78561.0
1741651200,82869.0
1741737600,83620.0
1741824000,81079.0
1741910400,83975.0
1741996800,84347.0
1742083200,82555.0
1742169600,82566.0
1325376000,4.84
1325462400,5.0
1325548800,5.29
1325635200,5.57
1325721600,6.42
1325808000,6.4
1325894400,6.8
1325980800,6.9
1326067200,6.48
1326153600,7.1
1326240000,7.0
1326326400,6.51
1326412800,6.9
1326499200,6.4
1326585600,7.15
1326672000,7.1
1326758400,6.9
1326844800,7.1
1326931200,6.01
1327017600,6.95
1327104000,6.95
1327190400,6.83
1327276800,6.52
1327363200,6.55
1327449600,6.0
1327536000,6.27
1327622400,5.88
1327708800,4.91
1327795200,5.9
1327881600,5.58
1327968000,5.55
1328054400,5.99
1328140800,6.26
1328227200,6.29
1328313600,6.5
1328400000,5.7
1328486400,5.9
1328572800,5.51
1328659200,5.66
1328745600,5.87
1328832000,5.88
1328918400,5.5
1329004800,5.55
1329091200,5.79
1329177600,4.56
1329264000,4.69
1329350400,4.98
1329436800,4.69
1329523200,4.38
1329609600,4.38
1329696000,4.4
1329782400,4.53
1329868800,4.57
1329955200,5.0
1330041600,5.12
1330128000,5.0
1330214400,4.96
1330300800,5.1
1330387200,4.71
1330473600,4.99
1330560000,5.03
1330646400,4.79
1330732800,4.65
1330819200,4.81
1330905600,5.0
1330992000,4.99
1331078400,5.01
1331164800,5.0
1331251200,5.07
1331337600,4.94
1331424000,5.0
1331510400,4.98
1331596800,5.28
1331683200,5.27
1331769600,5.37
1331856000,5.39
1331942400,5.42
1332028800,5.24
1332115200,4.97
1332201600,4.8
1332288000,4.96
1332374400,4.8
1332460800,4.78
1332547200,4.72
1332633600,4.54
1332720000,4.68
1332806400,4.73
1332892800,4.87
1332979200,4.77
1333065600,4.88
1333152000,4.92
1333238400,4.89
1333324800,5.03
1333411200,4.95
1333497600,4.91
1333584000,4.9
1333670400,4.98
1333756800,4.7
1333843200,4.76
1333929600,4.85
1334016000,4.8
1334102400,4.88
1334188800,4.86
1334275200,4.89
1334361600,4.98
1334448000,4.92
1334534400,4.94
1334620800,4.99
1334707200,5.11
1334793600,5.16
1334880000,5.19
1334966400,5.26
1335052800,5.18
1335139200,5.15
1335225600,5.11
1335312000,4.9
1335398400,5.08
1335484800,5.04
1335571200,4.85
1335657600,4.91
1335744000,5.0
1335830400,4.97
1335916800,5.08
1336003200,5.1
1336089600,5.1
1336176000,5.04
1336262400,5.05
1336348800,5.06
1336435200,5.04
1336521600,5.04
1336608000,5.01
1336694400,4.93
1336780800,4.97
1336867200,4.94
1336953600,4.99
1337040000,4.95
1337126400,5.04
1337212800,5.03
1337299200,5.06
1337385600,5.05
1337472000,5.08
1337558400,5.01
1337644800,5.07
1337731200,5.08
1337817600,5.12
1337904000,5.09
1337990400,5.07
1338076800,5.06
1338163200,5.08
1338249600,5.12
1338336000,5.13
1338422400,5.14
1338508800,5.22
1338595200,5.21
1338681600,5.19
1338768000,5.23
1338854400,5.33
1338940800,5.48
1339027200,5.48
1339113600,5.61
1339200000,5.54
1339286400,5.43
1339372800,5.53
1339459200,5.9
1339545600,5.95
1339632000,5.87
1339718400,6.08
1339804800,6.4
1339891200,6.16
1339977600,6.1
1340064000,6.26
1340150400,6.65
1340236800,6.64
1340323200,6.59
1340409600,6.36
1340496000,6.44
1340582400,6.2
1340668800,6.44
1340755200,6.52
1340841600,6.5
1340928000,6.57
1341014400,6.54
1341100800,6.54
1341187200,6.55
1341273600,6.47
1341360000,6.49
1341446400,6.66
1341532800,6.58
1341619200,6.66
1341705600,6.77
1341792000,6.67
1341878400,7.0
1341964800,7.1
1342051200,7.1
1342137600,7.65
1342224000,7.44
1342310400,7.4
1342396800,8.05
1342483200,8.42
1342569600,9.1
1342656000,9.2
1342742400,8.53
1342828800,8.86
1342915200,8.64
1343001600,8.78
1343088000,8.57
1343174400,8.49
1343260800,8.61
1343347200,8.83
1343433600,8.9
1343520000,8.72
1343606400,8.9
1343692800,9.2
1343779200,9.36
1343865600,9.81
1343952000,10.86
1344038400,10.97
1344124800,10.4
1344211200,10.84
1344297600,10.74
1344384000,10.96
1344470400,11.09
1344556800,11.25
1344643200,11.31
1344729600,11.69
1344816000,11.58
1344902400,12.03
1344988800,12.66
1345075200,13.42
1345161600,12.98
1345248000,11.95
1345334400,8.57
1345420800,9.41
1345507200,10.44
1345593600,10.42
1345680000,10.06
1345766400,10.26
1345852800,10.44
1345939200,10.5
1346025600,10.58
1346112000,11.17
1346198400,10.85
1346284800,10.54
1346371200,9.81
1346457600,10.14
1346544000,10.14
1346630400,10.3
1346716800,10.4
1346803200,10.59
1346889600,10.87
1346976000,11.08
1347062400,10.97
1347148800,10.85
1347235200,10.98
1347321600,10.65
1347408000,11.13
1347494400,11.3
1347580800,11.7
1347667200,11.6
1347753600,11.68
1347840000,11.84
1347926400,11.89
1348012800,12.4
1348099200,12.45
1348185600,12.35
1348272000,12.05
1348358400,11.86
1348444800,11.95
1348531200,11.85
1348617600,12.1
1348704000,12.25
1348790400,12.26
1348876800,12.22
1348963200,12.17
1349049600,12.08
1349136000,12.3
1349222400,12.9
1349308800,12.7
1349395200,12.64
1349481600,12.38
1349568000,11.75
1349654400,11.64
1349740800,11.89
1349827200,12.01
1349913600,11.78
1350000000,12.0
1350086400,11.82
1350172800,11.84
1350259200,11.49
1350345600,11.93
1350432000,11.9
1350518400,11.83
1350604800,11.65
1350691200,11.63
1350777600,11.58
1350864000,11.54
1350950400,11.49
1351036800,11.46
1351123200,10.85
1351209600,9.81
1351296000,10.62
1351382400,10.58
1351468800,10.59
1351555200,10.7
1351641600,10.75
1351728000,10.98
1351814400,10.68
1351900800,10.67
1351987200,10.53
1352073600,10.78
1352160000,10.57
1352246400,10.82
1352332800,10.8
1352419200,10.81
1352505600,10.87
1352592000,10.64
1352678400,10.85
1352764800,10.98
1352851200,10.98
1352937600,10.98
1353024000,11.56
1353110400,11.51
1353196800,11.57
1353283200,11.63
1353369600,11.63
1353456000,11.64
1353542400,12.11
1353628800,12.04
1353715200,12.17
1353801600,12.21
1353888000,12.23
1353974400,11.95
1354060800,12.2
1354147200,12.38
1354233600,12.42
1354320000,12.34
1354406400,12.45
1354492800,12.47
1354579200,12.77
1354665600,13.29
1354752000,13.27
1354838400,13.35
1354924800,13.34
1355011200,13.18
1355097600,13.28
1355184000,13.4
1355270400,13.39
1355356800,13.48
1355443200,13.52
1355529600,13.38
1355616000,13.27
1355702400,13.08
1355788800,13.05
1355875200,13.28
1355961600,13.44
1356048000,13.3
1356134400,13.2
1356220800,13.21
1356307200,13.03
1356393600,13.24
1356480000,13.16
1356566400,13.0
1356652800,13.13
1356739200,13.24
1356825600,13.29
1356912000,13.24
1356998400,13.1
1357084800,13.06
1357171200,13.1
1357257600,13.17
1357344000,13.14
1357430400,13.15
1357516800,13.2
1357603200,13.45
1357689600,13.61
1357776000,13.9
1357862400,14.03
1357948800,13.84
1358035200,13.94
1358121600,14.01
1358208000,14.22
1358294400,14.45
1358380800,15.36
1358467200,15.7
1358553600,15.32
1358640000,15.5
1358726400,16.32
1358812800,17.49
1358899200,17.58
1358985600,18.25
1359072000,17.3
1359158400,17.17
1359244800,17.54
1359331200,18.18
1359417600,19.16
1359504000,19.31
1359590400,20.79
1359676800,20.65
1359763200,20.19
1359849600,20.24
1359936000,20.34
1360022400,20.3
1360108800,20.89
1360195200,21.46
1360281600,22.3
1360368000,23.25
1360454400,23.47
1360540800,23.8
1360627200,25.76
1360713600,25.5
1360800000,26.68
1360886400,27.42
1360972800,27.09
1361059200,26.1
1361145600,26.81
1361232000,28.6
1361318400,29.8
1361404800,30.0
1361491200,31.48
1361577600,28.91
1361664000,30.28
1361750400,30.4
1361836800,31.41
1361923200,31.55
1362009600,33.98
1362096000,34.7
1362182400,34.18
1362268800,34.3
1362355200,36.51
1362441600,40.03
1362528000,48.0
1362614400,42.42
1362700800,43.78
1362787200,45.02
1362873600,46.2
1362960000,48.3
1363046400,44.89
1363132800,46.69
1363219200,47.39
1363305600,47.1
1363392000,47.0
1363478400,47.09
1363564800,47.67
1363651200,57.78
1363737600,65.49
1363824000,73.89
1363910400,71.03
1363996800,62.24
1364083200,70.8
1364169600,77.0
1364256000,77.89
1364342400,89.49
1364428800,94.5
1364515200,90.22
1364601600,92.4
1364688000,94.08
1364774400,103.99
1364860800,113.8
1364947200,133.7
1365033600,133.21
1365120000,142.0
1365206400,142.79
1365292800,158.28
1365379200,193.2
1365465600,229.5
1365552000,130.0
1365638400,60.01
1365724800,81.5
1365811200,87.0
1365897600,95.0
1365984000,87.0
1366070400,65.2
1366156800,87.03
1366243200,95.01
1366329600,117.0
1366416000,126.55
1366502400,121.36
1366588800,123.68
1366675200,134.5
1366761600,151.04
1366848000,145.5
1366934400,133.76
1367020800,127.03
1367107200,133.21
1367193600,142.35
1367280000,136.84
1367366400,110.66
1367452800,105.38
1367539200,91.27
1367625600,110.08
1367712000,115.63
1367798400,116.64
1367884800,106.99
1367971200,113.96
1368057600,112.5
1368144000,118.5
1368230400,115.38
1368316800,113.4
1368403200,116.73
1368489600,114.05
1368576000,109.36
1368662400,111.79
1368748800,117.97
1368835200,118.3
1368921600,116.49
1369008000,118.49
1369094400,117.88
1369180800,119.35
1369267200,121.89
1369353600,129.88
1369440000,128.5
1369526400,129.75
1369612800,123.58
1369699200,125.52
1369785600,130.02
1369872000,126.97
1369958400,127.24
1370044800,128.5
1370131200,120.0
1370217600,120.53
1370304000,120.58
1370390400,121.51
1370476800,119.47
1370563200,111.15
1370649600,109.94
1370736000,99.94
1370822400,103.63
1370908800,107.34
1370995200,108.42
1371081600,107.74
1371168000,100.12
1371254400,99.42
1371340800,100.3
1371427200,100.67
1371513600,105.69
1371600000,105.7
1371686400,106.7
1371772800,102.0
1371859200,100.0
1371945600,100.38
1372032000,99.47
1372118400,99.0
1372204800,98.21
1372291200,97.33
1372377600,89.97
1372464000,88.51
1372550400,89.0
1372636800,85.51
1372723200,87.3
1372809600,80.96
1372896000,79.96
1372982400,66.22
1373068800,65.65
1373155200,68.96
1373241600,73.91
1373328000,75.06
1373414400,79.41
1373500800,87.05
1373587200,88.45
1373673600,89.89
1373760000,92.33
1373846400,93.95
1373932800,91.58
1374019200,91.1
1374105600,85.01
1374192000,85.88
1374278400,86.32
1374364800,85.12
1374451200,85.2
1374537600,86.94
1374624000,87.92
1374710400,90.02
1374796800,90.5
1374883200,89.03
1374969600,91.55
1375056000,93.29
1375142400,94.14
1375228800,99.67
1375315200,96.02
1375401600,97.87
1375488000,95.96
1375574400,96.61
1375660800,97.93
1375747200,97.58
1375833600,97.63
1375920000,93.85
1376006400,92.95
1376092800,94.0
1376179200,94.0
1376265600,93.99
1376352000,96.84
1376438400,98.55
1376524800,98.75
1376611200,98.94
1376697600,99.02
1376784000,99.28
1376870400,101.79
1376956800,104.57
1377043200,111.89
1377129600,109.5
1377216000,107.12
1377302400,109.49
1377388800,112.18
1377475200,111.0
1377561600,118.5
1377648000,119.3
1377734400,118.25
1377820800,123.86
1377907200,131.24
1377993600,130.78
1378080000,130.02
1378166400,129.7
1378252800,124.47
1378339200,124.05
1378425600,117.05
1378512000,118.78
1378598400,118.5
1378684800,122.87
1378771200,122.26
1378857600,123.7
1378944000,128.08
1379030400,128.08
1379116800,124.03
1379203200,125.13
1379289600,125.8
1379376000,127.43
1379462400,127.87
1379548800,125.4
1379635200,123.77
1379721600,123.54
1379808000,122.95
1379894400,123.01
1379980800,122.89
1380067200,124.37
1380153600,124.64
1380240000,125.99
1380326400,126.67
1380412800,127.86
1380499200,126.24
1380585600,127.19
1380672000,110.83
1380758400,117.47
1380844800,122.32
1380931200,121.33
1381017600,122.28
1381104000,123.52
1381190400,124.01
1381276800,125.98
1381363200,126.39
1381449600,127.02
1381536000,127.94
1381622400,130.94
1381708800,135.45
1381795200,139.61
1381881600,141.23
1381968000,143.97
1382054400,151.98
1382140800,164.93
1382227200,165.0
1382313600,179.9
1382400000,189.3
1382486400,203.52
1382572800,191.7
1382659200,183.88
1382745600,181.0
1382832000,193.79
1382918400,196.99
1383004800,201.0
1383091200,199.67
1383177600,203.74
1383264000,203.1
1383350400,204.7
1383436800,207.75
1383523200,226.42
1383609600,247.8
1383696000,260.48
1383782400,283.0
1383868800,327.14
1383955200,356.05
1384041600,299.9
1384128000,334.0
1384214400,350.98
1384300800,391.89
1384387200,414.9
1384473600,426.19
1384560000,430.0
1384646400,464.07
1384732800,584.65
1384819200,608.05
1384905600,610.0
1384992000,700.5
1385078400,768.99
1385164800,843.14
1385251200,822.5
1385337600,807.0
1385424000,852.2
1385510400,948.46
1385596800,1005.49
1385683200,1084.1
1385769600,1110.09
1385856000,912.15
1385942400,1005.98
1386028800,1057.0
1386115200,1143.09
1386201600,1034.9
1386288000,800.01
1386374400,731.0
1386460800,727.32
1386547200,871.93
1386633600,964.87
1386720000,880.12
1386806400,864.01
1386892800,863.0
1386979200,858.42
1387065600,854.92
1387152000,722.0
1387238400,714.05
1387324800,575.0
1387411200,665.93
1387497600,651.56
1387584000,605.0
1387670400,625.0
1387756800,635.37
1387843200,647.27
1387929600,658.1
1388016000,741.41
1388102400,711.0
1388188800,710.0
1388275200,710.0
1388361600,738.49
1388448000,734.33
1388534400,746.78
1388620800,763.23
1388707200,799.78
1388793600,822.82
1388880000,908.0
1388966400,919.99
1389052800,847.03
1389139200,819.54
1389225600,782.81
1389312000,833.87
1389398400,884.41
1389484800,858.97
1389571200,812.89
1389657600,823.38
1389744000,844.15
1389830400,826.11
1389916800,786.11
1390003200,804.38
1390089600,824.99
1390176000,829.21
1390262400,818.18
1390348800,811.0
1390435200,812.25
1390521600,795.0
1390608000,809.92
1390694400,826.71
1390780800,787.3
1390867200,795.0
1390953600,801.5
1391040000,803.11
1391126400,801.46
1391212800,816.0
1391299200,819.11
1391385600,810.0
1391472000,809.48
1391558400,803.93
1391644800,780.0
1391731200,739.43
1391817600,708.41
1391904000,704.0
1391990400,659.0
1392076800,668.12
1392163200,666.57
1392249600,634.04
1392336000,681.65
1392422400,652.08
1392508800,616.77
1392595200,633.13
1392681600,623.71
1392768000,630.46
1392854400,575.17
1392940800,560.02
1393027200,593.85
1393113600,626.27
1393200000,554.0
1393286400,517.51
1393372800,588.0
1393459200,584.68
1393545600,575.5
1393632000,571.71
1393718400,561.9
1393804800,683.01
1393891200,674.66
1393977600,663.5
1394064000,658.99
1394150400,622.94
1394236800,612.27
1394323200,643.3
1394409600,615.01
1394496000,625.48
1394582400,644.99
1394668800,643.91
1394755200,631.95
1394841600,639.77
1394928000,632.31
1395014400,627.6
1395100800,617.31
1395187200,610.0
1395273600,592.0
1395360000,582.0
1395446400,559.38
1395532800,564.99
1395619200,572.08
1395705600,585.0
1395792000,584.0
1395878400,517.66
1395964800,485.21
1396051200,500.0
1396137600,452.74
1396224000,454.0
1396310400,478.8
1396396800,437.33
1396483200,449.93
1396569600,448.1
1396656000,454.84
1396742400,457.71
1396828800,453.65
1396915200,454.19
1397001600,445.64
1397088000,393.3
1397174400,420.57
1397260800,424.15
1397347200,410.59
1397433600,458.4
1397520000,494.15
1397606400,512.49
1397692800,500.0
1397779200,484.6
1397865600,505.21
1397952000,497.04
1398038400,496.07
1398124800,492.0
1398211200,489.75
1398297600,492.52
1398384000,460.57
1398470400,464.6
1398556800,445.0
1398643200,447.99
1398729600,439.86
1398816000,447.56
1398902400,459.19
1398988800,452.17
1399075200,434.5
1399161600,438.4
1399248000,427.22
1399334400,428.4
1399420800,448.97
1399507200,442.87
1399593600,449.92
1399680000,453.7
1399766400,438.45
1399852800,441.51
1399939200,439.2
1400025600,445.32
1400112000,448.39
1400198400,451.64
1400284800,450.89
1400371200,445.99
1400457600,447.78
1400544000,489.91
1400630400,496.23
1400716800,520.8
1400803200,531.15
1400889600,525.22
1400976000,573.79
1401062400,582.54
1401148800,579.81
1401235200,572.56
1401321600,567.5
1401408000,613.0
1401494400,622.0
1401580800,638.85
1401667200,641.43
1401753600,666.1
1401840000,644.9
1401926400,659.87
1402012800,652.09
1402099200,656.0
1402185600,652.57
1402272000,650.12
1402358400,647.81
1402444800,635.85
1402531200,604.0
1402617600,578.12
1402704000,552.01
1402790400,570.0
1402876800,595.89
1402963200,598.88
1403049600,608.49
1403136000,605.77
1403222400,595.25
1403308800,592.17
1403395200,597.72
1403481600,589.22
1403568000,586.04
1403654400,570.05
1403740800,570.71
1403827200,587.83
1403913600,597.75
1404000000,593.16
1404086400,643.41
1404172800,653.9
1404259200,653.2
1404345600,644.37
1404432000,633.97
1404518400,629.99
1404604800,637.2
1404691200,627.0
1404777600,624.95
1404864000,624.48
1404950400,617.6
1405036800,634.91
1405123200,634.07
1405209600,629.92
1405296000,623.99
1405382400,624.98
1405468800,620.0
1405555200,625.4
1405641600,625.55
1405728000,631.96
1405814400,625.0
1405900800,621.99
1405987200,622.15
1406073600,618.32
1406160000,598.99
1406246400,600.11
1406332800,596.12
1406419200,595.28
1406505600,590.52
1406592000,585.0
1406678400,567.1
1406764800,588.5
1406851200,598.99
1406937600,593.65
1407024000,586.15
1407110400,587.92
1407196800,580.3
1407283200,582.04
1407369600,589.98
1407456000,591.25
1407542400,587.44
1407628800,587.5
1407715200,578.98
1407801600,570.49
1407888000,547.08
1407974400,515.76
1408060800,495.19
1408147200,512.0
1408233600,487.5
1408320000,463.43
1408406400,493.9
1408492800,522.05
1408579200,526.52
1408665600,512.0
1408752000,497.0
1408838400,511.47
1408924800,506.22
1409011200,512.78
1409097600,516.51
1409184000,509.74
1409270400,509.43
1409356800,502.64
1409443200,477.78
1409529600,483.08
1409616000,477.0
1409702400,474.63
1409788800,486.3
1409875200,480.54
1409961600,482.9
1410048000,479.78
1410134400,469.73
1410220800,469.56
1410307200,483.0
1410393600,474.17
1410480000,471.55
1410566400,479.76
1410652800,477.35
1410739200,474.61
1410825600,465.89
1410912000,447.93
1410998400,418.93
1411084800,400.0
1411171200,408.19
1411257600,404.62
1411344000,402.4
1411430400,437.71
1411516800,429.63
1411603200,409.66
1411689600,405.6
1411776000,400.8
1411862400,381.91
1411948800,374.83
1412035200,392.64
1412121600,385.12
1412208000,377.3
1412294400,361.9
1412380800,328.0
1412467200,321.63
1412553600,330.25
1412640000,329.28
1412726400,346.71
1412812800,373.98
1412899200,358.54
1412985600,363.89
1413072000,375.01
1413158400,384.0
1413244800,412.41
1413331200,391.53
1413417600,372.4
1413504000,378.5
1413590400,391.51
1413676800,388.9
1413763200,383.14
1413849600,386.43
1413936000,384.92
1414022400,361.75
1414108800,359.47
1414195200,348.09
1414281600,354.38
1414368000,354.73
1414454400,354.54
1414540800,341.67
1414627200,346.98
1414713600,341.82
1414800000,322.97
1414886400,326.65
1414972800,328.14
1415059200,330.58
1415145600,341.9
1415232000,346.98
1415318400,342.0
1415404800,344.11
1415491200,355.71
